date,rain,snowdepth,snow,weekday,weekend,holidays,trips,pmt,entries
2012-01-01,0.05,0.0,0.0,1,0,1,204292.0,1011660.0,
2012-01-02,0.0,0.0,0.0,2,0,1,333247.0,1914804.0,
2012-01-03,0.0,0.0,0.0,3,0,0,427620.0,2084644.0,
2012-01-04,0.0,0.0,0.0,4,0,0,462170.0,2122041.0,
2012-01-05,0.0,0.0,0.0,5,0,0,477173.0,2189748.0,
2012-01-06,0.0,0.0,0.0,6,1,0,499391.0,2299542.0,
2012-01-07,0.0,0.0,0.0,7,1,0,512646.0,2536854.0,
2012-01-08,0.0,0.0,0.0,1,0,0,453448.0,2411816.0,
2012-01-09,0.0,0.0,0.0,2,0,0,428907.0,2015567.0,
2012-01-10,0.0,0.0,0.0,3,0,0,460057.0,2070277.0,
2012-01-11,0.07,0.0,0.0,4,0,0,482232.0,2182458.0,
2012-01-12,1.38,0.0,0.0,5,0,0,502326.0,2283317.0,
2012-01-13,0.09,0.0,0.0,6,1,0,544168.0,2531272.0,
2012-01-14,0.0,0.0,0.0,7,1,0,533268.0,2618037.0,
2012-01-15,0.0,0.0,0.0,1,0,0,507323.0,2580676.0,
2012-01-16,0.04,0.0,0.0,2,0,1,408484.0,2064328.0,
2012-01-17,0.19,0.0,0.0,3,0,0,476501.0,2174556.0,
2012-01-18,0.0,0.0,0.0,4,0,0,505980.0,2289617.0,
2012-01-19,0.0,0.0,0.0,5,0,0,515509.0,2364646.0,
2012-01-20,0.0,0.0,0.0,6,1,0,552555.0,2523620.0,
2012-01-21,0.39,1.0,4.3,7,1,0,510060.0,2452773.0,
2012-01-22,0.0,3.0,0.0,1,0,0,458028.0,2398225.0,
2012-01-23,0.37,2.0,0.0,2,0,0,433540.0,1997131.0,
2012-01-24,0.0,0.0,0.0,3,0,0,459691.0,2061119.0,
2012-01-25,0.0,0.0,0.0,4,0,0,495912.0,2231456.0,
2012-01-26,0.18,0.0,0.0,5,0,0,522046.0,2356357.0,
2012-01-27,0.47,0.0,0.0,6,1,0,535639.0,2455456.0,
2012-01-28,0.0,0.0,0.0,7,1,0,542151.0,2625430.0,
2012-01-29,0.0,0.0,0.0,1,0,0,457174.0,2456302.0,
2012-01-30,0.0,0.0,0.0,2,0,0,442455.0,2032512.0,
2012-01-31,0.0,0.0,0.0,3,0,0,464804.0,2071499.0,
2012-02-01,0.03,0.0,0.0,4,0,0,485666.0,2182017.0,
2012-02-02,0.0,0.0,0.0,5,0,0,523532.0,2377483.0,
2012-02-03,0.0,0.0,0.0,6,1,0,548672.0,2506074.0,
2012-02-04,0.0,0.0,0.0,7,1,0,534727.0,2570194.0,
2012-02-05,0.0,0.0,0.0,1,0,0,465980.0,2471843.0,
2012-02-06,0.0,0.0,0.0,2,0,0,455062.0,2154076.0,
2012-02-07,0.0,0.0,0.0,3,0,0,473963.0,2093453.0,
2012-02-08,0.01,0.0,0.0,4,0,0,509254.0,2257268.0,
2012-02-09,0.0,0.0,0.0,5,0,0,528445.0,2424002.0,
2012-02-10,0.0,0.0,0.0,6,1,0,563029.0,2642280.0,
2012-02-11,0.08,0.0,0.0,7,1,0,575657.0,2777419.0,
2012-02-12,0.01,0.0,0.2,1,0,0,502466.0,2610483.0,
2012-02-13,0.0,0.0,0.0,2,0,0,478870.0,2191583.0,
2012-02-14,0.02,0.0,0.0,3,0,0,519173.0,2291066.0,
2012-02-15,0.01,0.0,0.0,4,0,0,527914.0,2453360.0,
2012-02-16,0.19,0.0,0.0,5,0,0,528824.0,2478127.0,
2012-02-17,0.03,0.0,0.0,6,1,0,531394.0,2610138.0,
2012-02-18,0.02,0.0,0.0,7,1,0,526136.0,2671833.0,
2012-02-19,0.0,0.0,0.0,1,0,0,465978.0,2471447.0,
2012-02-20,0.0,0.0,0.0,2,0,1,408977.0,2198624.0,
2012-02-21,0.0,0.0,0.0,3,0,0,461628.0,2199750.0,
2012-02-22,0.0,0.0,0.0,4,0,0,486074.0,2256813.0,
2012-02-23,0.0,0.0,0.0,5,0,0,514863.0,2458265.0,
2012-02-24,0.6,0.0,0.0,6,1,0,547061.0,2566150.0,
2012-02-25,0.0,0.0,0.0,7,1,0,561229.0,2778179.0,
2012-02-26,0.0,0.0,0.0,1,0,0,458543.0,2524492.0,
2012-02-27,0.0,0.0,0.0,2,0,0,432992.0,2118984.0,
2012-02-28,0.0,0.0,0.0,3,0,0,482420.0,2220638.0,
2012-02-29,0.37,0.0,0.0,4,0,0,519158.0,2341896.0,
2012-03-01,0.13,0.0,0.0,5,0,0,513676.0,2418460.0,
2012-03-02,0.16,0.0,0.0,6,1,0,563839.0,2656339.0,
2012-03-03,0.12,0.0,0.0,7,1,0,543535.0,2709349.0,
2012-03-04,0.0,0.0,0.0,1,0,0,474898.0,2613811.0,
2012-03-05,0.0,0.0,0.0,2,0,0,470230.0,2245301.0,
2012-03-06,0.0,0.0,0.0,3,0,0,501695.0,2275295.0,
2012-03-07,0.0,0.0,0.0,4,0,0,513403.0,2400392.0,
2012-03-08,0.0,0.0,0.0,5,0,0,533741.0,2576529.0,
2012-03-09,0.02,0.0,0.0,6,1,0,569141.0,2746871.0,
2012-03-10,0.0,0.0,0.0,7,1,0,569652.0,2847891.0,
2012-03-11,0.0,0.0,0.0,1,0,0,450974.0,2530055.0,
2012-03-12,0.0,0.0,0.0,2,0,0,439569.0,2181933.0,
2012-03-13,0.04,0.0,0.0,3,0,0,479873.0,2265704.0,
2012-03-14,0.0,0.0,0.0,4,0,0,501608.0,2414444.0,
2012-03-15,0.0,0.0,0.0,5,0,0,538165.0,2578975.0,
2012-03-16,0.03,0.0,0.0,6,1,0,548943.0,2665943.0,
2012-03-17,0.0,0.0,0.0,7,1,0,545198.0,2883782.0,
2012-03-18,0.0,0.0,0.0,1,0,0,447506.0,2610355.0,
2012-03-19,0.0,0.0,0.0,2,0,0,424127.0,2172223.0,
2012-03-20,0.0,0.0,0.0,3,0,0,463844.0,2220169.0,
2012-03-21,0.0,0.0,0.0,4,0,0,493825.0,2353580.0,
2012-03-22,0.0,0.0,0.0,5,0,0,515735.0,2542602.0,
2012-03-23,0.0,0.0,0.0,6,1,0,545573.0,2699337.0,
2012-03-24,0.01,0.0,0.0,7,1,0,538891.0,2749686.0,
2012-03-25,0.06,0.0,0.0,1,0,0,458714.0,2594785.0,
2012-03-26,0.0,0.0,0.0,2,0,0,462353.0,2287909.0,
2012-03-27,0.0,0.0,0.0,3,0,0,485548.0,2284010.0,
2012-03-28,0.02,0.0,0.0,4,0,0,498363.0,2397520.0,
2012-03-29,0.0,0.0,0.0,5,0,0,522552.0,2528508.0,
2012-03-30,0.11,0.0,0.0,6,1,0,547905.0,2690482.0,
2012-03-31,0.26,0.0,0.0,7,1,0,566736.0,2827975.0,
2012-04-01,0.51,0.0,0.0,1,0,0,484111.0,2687810.0,
2012-04-02,0.04,0.0,0.0,2,0,0,466787.0,2283615.0,
2012-04-03,0.0,0.0,0.0,3,0,0,492055.0,2330537.0,
2012-04-04,0.0,0.0,0.0,4,0,0,515746.0,2467026.0,
2012-04-05,0.0,0.0,0.0,5,0,0,531802.0,2604978.0,
2012-04-06,0.0,0.0,0.0,6,1,0,529954.0,2651644.0,
2012-04-07,0.0,0.0,0.0,7,1,0,477384.0,2445571.0,
2012-04-08,0.0,0.0,0.0,1,0,0,406852.0,2354008.0,
2012-04-09,0.0,0.0,0.0,2,0,0,439345.0,2245722.0,
2012-04-10,0.0,0.0,0.0,3,0,0,487388.0,2350645.0,
2012-04-11,0.0,0.0,0.0,4,0,0,509865.0,2421836.0,
2012-04-12,0.0,0.0,0.0,5,0,0,526104.0,2553213.0,
2012-04-13,0.0,0.0,0.0,6,1,0,540190.0,2671236.0,
2012-04-14,0.0,0.0,0.0,7,1,0,549672.0,2861198.0,
2012-04-15,0.0,0.0,0.0,1,0,0,461753.0,2672750.0,
2012-04-16,0.0,0.0,0.0,2,0,0,452099.0,2311832.0,
2012-04-17,0.0,0.0,0.0,3,0,0,483492.0,2309327.0,
2012-04-18,0.01,0.0,0.0,4,0,0,517012.0,2455987.0,
2012-04-19,0.04,0.0,0.0,5,0,0,527101.0,2589460.0,
2012-04-20,0.0,0.0,0.0,6,1,0,544809.0,2709914.0,
2012-04-21,0.22,0.0,0.0,7,1,0,541644.0,2785153.0,
2012-04-22,2.45,0.0,0.0,1,0,0,507594.0,2700034.0,
2012-04-23,0.22,0.0,0.0,2,0,0,477473.0,2333102.0,
2012-04-24,0.0,0.0,0.0,3,0,0,503458.0,2380353.0,
2012-04-25,0.0,0.0,0.0,4,0,0,515486.0,2483077.0,
2012-04-26,0.03,0.0,0.0,5,0,0,528099.0,2586095.0,
2012-04-27,0.04,0.0,0.0,6,1,0,548465.0,2724902.0,
2012-04-28,0.0,0.0,0.0,7,1,0,550253.0,2813242.0,
2012-04-29,0.0,0.0,0.0,1,0,0,475049.0,2711659.0,
2012-04-30,0.0,0.0,0.0,2,0,0,468205.0,2337294.0,
2012-05-01,0.62,0.0,0.0,3,0,0,494014.0,2312850.0,
2012-05-02,0.08,0.0,0.0,4,0,0,525806.0,2435912.0,
2012-05-03,0.47,0.0,0.0,5,0,0,538628.0,2591164.0,
2012-05-04,0.1,0.0,0.0,6,1,0,555627.0,2744228.0,
2012-05-05,0.0,0.0,0.0,7,1,0,571659.0,2886465.0,
2012-05-06,0.0,0.0,0.0,1,0,0,481240.0,2735263.0,
2012-05-07,0.01,0.0,0.0,2,0,0,484310.0,2385361.0,
2012-05-08,0.04,0.0,0.0,3,0,0,512681.0,2371126.0,
2012-05-09,0.33,0.0,0.0,4,0,0,530597.0,2488192.0,
2012-05-10,0.19,0.0,0.0,5,0,0,537097.0,2613993.0,
2012-05-11,0.0,0.0,0.0,6,1,0,547225.0,2718384.0,
2012-05-12,0.0,0.0,0.0,7,1,0,543610.0,2795244.0,
2012-05-13,0.0,0.0,0.0,1,0,0,462673.0,2651743.0,
2012-05-14,0.0,0.0,0.0,2,0,0,468861.0,2345669.0,
2012-05-15,0.54,0.0,0.0,3,0,0,503562.0,2387993.0,
2012-05-16,0.09,0.0,0.0,4,0,0,523839.0,2571612.0,
2012-05-17,0.0,0.0,0.0,5,0,0,533582.0,2691649.0,
2012-05-18,0.0,0.0,0.0,6,1,0,547906.0,2780472.0,
2012-05-19,0.0,0.0,0.0,7,1,0,524613.0,2774127.0,
2012-05-20,0.0,0.0,0.0,1,0,0,469771.0,2721695.0,
2012-05-21,1.4,0.0,0.0,2,0,0,480368.0,2347773.0,
2012-05-22,0.23,0.0,0.0,3,0,0,500929.0,2376001.0,
2012-05-23,0.03,0.0,0.0,4,0,0,513273.0,2463109.0,
2012-05-24,0.95,0.0,0.0,5,0,0,504877.0,2461111.0,
2012-05-25,0.0,0.0,0.0,6,1,0,493965.0,2490716.0,
2012-05-26,0.02,0.0,0.0,7,1,0,434009.0,2336148.0,
2012-05-27,0.06,0.0,0.0,1,0,0,375930.0,2106057.0,
2012-05-28,0.0,0.0,0.0,2,0,1,340084.0,2066385.0,
2012-05-29,0.21,0.0,0.0,3,0,0,469058.0,2264520.0,
2012-05-30,0.01,0.0,0.0,4,0,0,494061.0,2370578.0,
2012-05-31,0.0,0.0,0.0,5,0,0,508119.0,2451914.0,
2012-06-01,0.25,0.0,0.0,6,1,0,545361.0,2663572.0,
2012-06-02,0.39,0.0,0.0,7,1,0,509970.0,2603841.0,
2012-06-03,0.01,0.0,0.0,1,0,0,449048.0,2565550.0,
2012-06-04,0.18,0.0,0.0,2,0,0,474260.0,2309504.0,
2012-06-05,0.01,0.0,0.0,3,0,0,508730.0,2403268.0,
2012-06-06,0.01,0.0,0.0,4,0,0,520342.0,2476014.0,
2012-06-07,0.01,0.0,0.0,5,0,0,534891.0,2629014.0,
2012-06-08,0.0,0.0,0.0,6,1,0,542451.0,2692423.0,
2012-06-09,0.0,0.0,0.0,7,1,0,520433.0,2682330.0,
2012-06-10,0.0,0.0,0.0,1,0,0,437887.0,2575433.0,
2012-06-11,0.0,0.0,0.0,2,0,0,466556.0,2338239.0,
2012-06-12,1.02,0.0,0.0,3,0,0,505447.0,2321331.0,
2012-06-13,0.32,0.0,0.0,4,0,0,518164.0,2449396.0,
2012-06-14,0.0,0.0,0.0,5,0,0,525448.0,2567204.0,
2012-06-15,0.0,0.0,0.0,6,1,0,534298.0,2676088.0,
2012-06-16,0.0,0.0,0.0,7,1,0,504075.0,2633951.0,
2012-06-17,0.0,0.0,0.0,1,0,0,433367.0,2540145.0,
2012-06-18,0.0,0.0,0.0,2,0,0,451384.0,2276215.0,
2012-06-19,0.0,0.0,0.0,3,0,0,494061.0,2360587.0,
2012-06-20,0.0,0.0,0.0,4,0,0,528852.0,2495785.0,
2012-06-21,0.0,0.0,0.0,5,0,0,547987.0,2628787.0,
2012-06-22,0.35,0.0,0.0,6,1,0,542692.0,2631182.0,
2012-06-23,0.0,0.0,0.0,7,1,0,505641.0,2709681.0,
2012-06-24,0.06,0.0,0.0,1,0,0,441226.0,2573572.0,
2012-06-25,0.15,0.0,0.0,2,0,0,453099.0,2260938.0,
2012-06-26,0.0,0.0,0.0,3,0,0,482368.0,2371734.0,
2012-06-27,0.0,0.0,0.0,4,0,0,504452.0,2432210.0,
2012-06-28,0.0,0.0,0.0,5,0,0,514598.0,2523510.0,
2012-06-29,0.21,0.0,0.0,6,1,0,528941.0,2621725.0,
2012-06-30,0.0,0.0,0.0,7,1,0,477821.0,2517966.0,
2012-07-01,0.0,0.0,0.0,1,0,0,421246.0,2384112.0,
2012-07-02,0.0,0.0,0.0,2,0,0,406750.0,1987014.0,
2012-07-03,0.0,0.0,0.0,3,0,0,446832.0,2095467.0,
2012-07-04,0.06,0.0,0.0,4,0,1,377352.0,2022914.0,
2012-07-05,0.0,0.0,0.0,5,0,0,418309.0,2033827.0,
2012-07-06,0.0,0.0,0.0,6,1,0,434892.0,2106850.0,
2012-07-07,0.5,0.0,0.0,7,1,0,420537.0,2222976.0,
2012-07-08,0.09,0.0,0.0,1,0,0,389991.0,2301183.0,
2012-07-09,0.0,0.0,0.0,2,0,0,428718.0,2181194.0,
2012-07-10,0.0,0.0,0.0,3,0,0,472390.0,2250997.0,
2012-07-11,0.0,0.0,0.0,4,0,0,503026.0,2399097.0,
2012-07-12,0.0,0.0,0.0,5,0,0,512200.0,2508773.0,
2012-07-13,0.0,0.0,0.0,6,1,0,525217.0,2578751.0,
2012-07-14,0.0,0.0,0.0,7,1,0,481628.0,2527241.0,
2012-07-15,0.26,0.0,0.0,1,0,0,443717.0,2485557.0,
2012-07-16,0.0,0.0,0.0,2,0,0,452349.0,2312065.0,
2012-07-17,0.0,0.0,0.0,3,0,0,500316.0,2364516.0,
2012-07-18,1.76,0.0,0.0,4,0,0,489972.0,2269049.0,
2012-07-19,0.02,0.0,0.0,5,0,0,507410.0,2533286.0,
2012-07-20,0.58,0.0,0.0,6,1,0,511470.0,2520144.0,
2012-07-21,0.0,0.0,0.0,7,1,0,467851.0,2468322.0,
2012-07-22,0.0,0.0,0.0,1,0,0,422143.0,2459652.0,
2012-07-23,0.15,0.0,0.0,2,0,0,453851.0,2248734.0,
2012-07-24,0.0,0.0,0.0,3,0,0,491163.0,2322352.0,
2012-07-25,0.0,0.0,0.0,4,0,0,496920.0,2405929.0,
2012-07-26,0.6,0.0,0.0,5,0,0,511470.0,2445089.0,
2012-07-27,0.0,0.0,0.0,6,1,0,510827.0,2615843.0,
2012-07-28,0.18,0.0,0.0,7,1,0,479620.0,2514233.0,
2012-07-29,0.01,0.0,0.0,1,0,0,416012.0,2386175.0,
2012-07-30,0.0,0.0,0.0,2,0,0,434163.0,2204927.0,
2012-07-31,0.0,0.0,0.0,3,0,0,464724.0,2238960.0,
2012-08-01,0.64,0.0,0.0,4,0,0,470363.0,2236600.0,
2012-08-02,0.0,0.0,0.0,5,0,0,508810.0,2495344.0,
2012-08-03,0.0,0.0,0.0,6,1,0,519279.0,2585180.0,
2012-08-04,0.0,0.0,0.0,7,1,0,480102.0,2513184.0,
2012-08-05,0.22,0.0,0.0,1,0,0,431986.0,2423054.0,
2012-08-06,0.01,0.0,0.0,2,0,0,435618.0,2270939.0,
2012-08-07,0.0,0.0,0.0,3,0,0,464993.0,2242209.0,
2012-08-08,0.0,0.0,0.0,4,0,0,488240.0,2347306.0,
2012-08-09,0.0,0.0,0.0,5,0,0,509027.0,2451036.0,
2012-08-10,0.24,0.0,0.0,6,1,0,509522.0,2579660.0,
2012-08-11,0.0,0.0,0.0,7,1,0,460906.0,2489466.0,
2012-08-12,0.0,0.0,0.0,1,0,0,400657.0,2372376.0,
2012-08-13,0.0,0.0,0.0,2,0,0,414931.0,2135897.0,
2012-08-14,0.01,0.0,0.0,3,0,0,459904.0,2240565.0,
2012-08-15,0.57,0.0,0.0,4,0,0,475036.0,2297560.0,
2012-08-16,0.0,0.0,0.0,5,0,0,494822.0,2499169.0,
2012-08-17,0.15,0.0,0.0,6,1,0,504444.0,2566276.0,
2012-08-18,0.32,0.0,0.0,7,1,0,460784.0,2489759.0,
2012-08-19,0.0,0.0,0.0,1,0,0,385700.0,2294279.0,
2012-08-20,0.0,0.0,0.0,2,0,0,409827.0,2158949.0,
2012-08-21,0.0,0.0,0.0,3,0,0,450027.0,2204022.0,
2012-08-22,0.0,0.0,0.0,4,0,0,467415.0,2308244.0,
2012-08-23,0.0,0.0,0.0,5,0,0,488286.0,2467634.0,
2012-08-24,0.0,0.0,0.0,6,1,0,484623.0,2518217.0,
2012-08-25,0.0,0.0,0.0,7,1,0,453890.0,2500105.0,
2012-08-26,0.0,0.0,0.0,1,0,0,400132.0,2408482.0,
2012-08-27,0.61,0.0,0.0,2,0,0,407215.0,2124196.0,
2012-08-28,0.14,0.0,0.0,3,0,0,450003.0,2212897.0,
2012-08-29,0.0,0.0,0.0,4,0,0,457168.0,2295809.0,
2012-08-30,0.0,0.0,0.0,5,0,0,472866.0,2454934.0,
2012-08-31,0.0,0.0,0.0,6,1,0,475912.0,2591012.0,
2012-09-01,0.0,0.0,0.0,7,1,0,439063.0,2495600.0,
2012-09-02,0.0,0.0,0.0,1,0,0,386440.0,2274096.0,
2012-09-03,0.0,0.0,0.0,2,0,1,344936.0,2233713.0,
2012-09-04,0.13,0.0,0.0,3,0,0,452375.0,2340573.0,
2012-09-05,0.07,0.0,0.0,4,0,0,498221.0,2460115.0,
2012-09-06,0.0,0.0,0.0,5,0,0,526762.0,2623815.0,
2012-09-07,0.0,0.0,0.0,6,1,0,563632.0,2824574.0,
2012-09-08,0.39,0.0,0.0,7,1,0,555879.0,2851855.0,
2012-09-09,0.0,0.0,0.0,1,0,0,482618.0,2780697.0,
2012-09-10,0.0,0.0,0.0,2,0,0,466229.0,2352046.0,
2012-09-11,0.0,0.0,0.0,3,0,0,489107.0,2280477.0,
2012-09-12,0.0,0.0,0.0,4,0,0,502929.0,2445761.0,
2012-09-13,0.0,0.0,0.0,5,0,0,523680.0,2592884.0,
2012-09-14,0.0,0.0,0.0,6,1,0,538598.0,2725964.0,
2012-09-15,0.01,0.0,0.0,7,1,0,528160.0,2733864.0,
2012-09-16,0.0,0.0,0.0,1,0,0,449760.0,2566029.0,
2012-09-17,0.0,0.0,0.0,2,0,0,397067.0,2042479.0,
2012-09-18,1.54,0.0,0.0,3,0,0,454728.0,2134213.0,
2012-09-19,0.0,0.0,0.0,4,0,0,502236.0,2479935.0,
2012-09-20,0.0,0.0,0.0,5,0,0,524294.0,2591372.0,
2012-09-21,0.0,0.0,0.0,6,1,0,530412.0,2713972.0,
2012-09-22,0.22,0.0,0.0,7,1,0,541970.0,2772962.0,
2012-09-23,0.0,0.0,0.0,1,0,0,458258.0,2640435.0,
2012-09-24,0.0,0.0,0.0,2,0,0,417749.0,2090240.0,
2012-09-25,0.0,0.0,0.0,3,0,0,432898.0,2024718.0,
2012-09-26,0.01,0.0,0.0,4,0,0,437676.0,2099445.0,
2012-09-27,0.06,0.0,0.0,5,0,0,489289.0,2406997.0,
2012-09-28,1.96,0.0,0.0,6,1,0,515888.0,2573484.0,
2012-09-29,0.0,0.0,0.0,7,1,0,545008.0,2810319.0,
2012-09-30,0.0,0.0,0.0,1,0,0,468934.0,2695858.0,
2012-10-01,0.0,0.0,0.0,2,0,0,437756.0,2218808.0,
2012-10-02,0.38,0.0,0.0,3,0,0,481522.0,2219137.0,
2012-10-03,0.0,0.0,0.0,4,0,0,496998.0,2364596.0,
2012-10-04,0.0,0.0,0.0,5,0,0,524108.0,2593483.0,
2012-10-05,0.0,0.0,0.0,6,1,0,533967.0,2730384.0,
2012-10-06,0.0,0.0,0.0,7,1,0,543394.0,2799267.0,
2012-10-07,0.19,0.0,0.0,1,0,0,472731.0,2636747.0,
2012-10-08,0.0,0.0,0.0,2,0,1,401974.0,2152218.0,
2012-10-09,0.03,0.0,0.0,3,0,0,476562.0,2274860.0,
2012-10-10,0.25,0.0,0.0,4,0,0,497567.0,2374902.0,
2012-10-11,0.0,0.0,0.0,5,0,0,518358.0,2568539.0,
2012-10-12,0.0,0.0,0.0,6,1,0,553540.0,2753120.0,
2012-10-13,0.0,0.0,0.0,7,1,0,544733.0,2768323.0,
2012-10-14,0.0,0.0,0.0,1,0,0,459720.0,2654839.0,
2012-10-15,0.2,0.0,0.0,2,0,0,451393.0,2293259.0,
2012-10-16,0.0,0.0,0.0,3,0,0,488366.0,2340542.0,
2012-10-17,0.0,0.0,0.0,4,0,0,501315.0,2426835.0,
2012-10-18,0.0,0.0,0.0,5,0,0,515003.0,2564221.0,
2012-10-19,0.89,0.0,0.0,6,1,0,544154.0,2719771.0,
2012-10-20,0.0,0.0,0.0,7,1,0,532284.0,2757593.0,
2012-10-21,0.0,0.0,0.0,1,0,0,469593.0,2726443.0,
2012-10-22,0.0,0.0,0.0,2,0,0,444804.0,2262293.0,
2012-10-23,0.03,0.0,0.0,3,0,0,487984.0,2314539.0,
2012-10-24,0.0,0.0,0.0,4,0,0,505353.0,2386736.0,
2012-10-25,0.0,0.0,0.0,5,0,0,520000.0,2587712.0,
2012-10-26,0.0,0.0,0.0,6,1,0,496690.0,2543157.0,
2012-10-27,0.0,0.0,0.0,7,1,0,533806.0,2787744.0,
2012-10-28,0.0,0.0,0.0,1,0,0,427693.0,2559085.0,
2012-10-29,0.67,0.0,0.0,2,0,0,113252.0,519734.0,
2012-10-30,0.27,0.0,0.0,3,0,0,180512.0,892622.0,
2012-10-31,0.01,0.0,0.0,4,0,0,286233.0,1596591.0,
2012-11-01,0.0,0.0,0.0,5,0,0,332147.0,1898840.0,
2012-11-02,0.0,0.0,0.0,6,1,0,318784.0,1768415.0,
2012-11-03,0.0,0.0,0.0,7,1,0,437130.0,2193066.0,
2012-11-04,0.0,0.0,0.0,1,0,0,431810.0,2274416.0,
2012-11-05,0.0,0.0,0.0,2,0,0,418429.0,1998667.0,
2012-11-06,0.0,0.0,0.0,3,0,0,448144.0,2021236.0,
2012-11-07,1.12,0.0,4.3,4,0,0,441318.0,1883872.0,
2012-11-08,0.06,4.0,0.4,5,0,0,483500.0,2325687.0,
2012-11-09,0.0,0.0,0.0,6,1,0,527281.0,2579486.0,
2012-11-10,0.0,0.0,0.0,7,1,0,550557.0,2700925.0,
2012-11-11,0.0,0.0,0.0,1,0,0,470492.0,2601632.0,
2012-11-12,0.0,0.0,0.0,2,0,1,424572.0,2118621.0,
2012-11-13,0.09,0.0,0.0,3,0,0,485556.0,2266995.0,
2012-11-14,0.0,0.0,0.0,4,0,0,488719.0,2319688.0,
2012-11-15,0.0,0.0,0.0,5,0,0,512276.0,2459507.0,
2012-11-16,0.0,0.0,0.0,6,1,0,533805.0,2630068.0,
2012-11-17,0.0,0.0,0.0,7,1,0,544425.0,2728622.0,
2012-11-18,0.0,0.0,0.0,1,0,0,463468.0,2550402.0,
2012-11-19,0.0,0.0,0.0,2,0,0,448107.0,2105220.0,
2012-11-20,0.0,0.0,0.0,3,0,0,468645.0,2255439.0,
2012-11-21,0.0,0.0,0.0,4,0,0,465150.0,2329071.0,
2012-11-22,0.0,0.0,0.0,5,0,1,327157.0,1895165.0,
2012-11-23,0.01,0.0,0.0,6,1,0,367493.0,1776922.0,
2012-11-24,0.0,0.0,0.0,7,1,0,439580.0,2306938.0,
2012-11-25,0.0,0.0,0.0,1,0,0,410662.0,2416008.0,
2012-11-26,0.0,0.0,0.0,2,0,0,434152.0,2253978.0,
2012-11-27,0.53,0.0,0.0,3,0,0,474856.0,2180678.0,
2012-11-28,0.0,0.0,0.0,4,0,0,492647.0,2293245.0,
2012-11-29,0.0,0.0,0.0,5,0,0,516725.0,2447835.0,
2012-11-30,0.0,0.0,0.0,6,1,0,537996.0,2607913.0,
2012-12-01,0.0,0.0,0.0,7,1,0,567008.0,2766169.0,
2012-12-02,0.04,0.0,0.0,1,0,0,481313.0,2656293.0,
2012-12-03,0.0,0.0,0.0,2,0,0,451108.0,2210250.0,
2012-12-04,0.07,0.0,0.0,3,0,0,482659.0,2258685.0,
2012-12-05,0.0,0.0,0.0,4,0,0,510370.0,2413726.0,
2012-12-06,0.0,0.0,0.0,5,0,0,516814.0,2531642.0,
2012-12-07,0.14,0.0,0.0,6,1,0,527681.0,2605591.0,
2012-12-08,0.36,0.0,0.0,7,1,0,545964.0,2716623.0,
2012-12-09,0.18,0.0,0.0,1,0,0,484733.0,2669455.0,
2012-12-10,0.03,0.0,0.0,2,0,0,447780.0,2222657.0,
2012-12-11,0.06,0.0,0.0,3,0,0,487709.0,2307323.0,
2012-12-12,0.0,0.0,0.0,4,0,0,513463.0,2440515.0,
2012-12-13,0.0,0.0,0.0,5,0,0,535476.0,2622022.0,
2012-12-14,0.0,0.0,0.0,6,1,0,562381.0,2784261.0,
2012-12-15,0.0,0.0,0.0,7,1,0,552193.0,2785216.0,
2012-12-16,0.4,0.0,0.0,1,0,0,482295.0,2616437.0,
2012-12-17,0.29,0.0,0.0,2,0,0,473656.0,2246927.0,
2012-12-18,0.51,0.0,0.0,3,0,0,498879.0,2358747.0,
2012-12-19,0.0,0.0,0.0,4,0,0,517223.0,2454058.0,
2012-12-20,0.02,0.0,0.0,5,0,0,527929.0,2569219.0,
2012-12-21,0.7,0.0,0.0,6,1,0,535314.0,2647262.0,
2012-12-22,0.0,0.0,0.0,7,1,0,479682.0,2491069.0,
2012-12-23,0.0,0.0,0.0,1,0,0,366422.0,1998310.0,
2012-12-24,0.07,0.0,0.0,2,0,0,342699.0,1675976.0,
2012-12-25,0.06,0.0,0.0,3,0,1,226330.0,1377461.0,
2012-12-26,0.99,0.0,0.4,4,0,0,345143.0,1742431.0,
2012-12-27,0.62,0.0,0.0,5,0,0,399453.0,2068023.0,
2012-12-28,0.0,0.0,0.0,6,1,0,429194.0,2263443.0,
2012-12-29,0.26,0.0,0.0,7,1,0,440415.0,2304068.0,
2012-12-30,0.0,0.0,0.0,1,0,0,424339.0,2355057.0,
2012-12-31,0.0,0.0,0.0,2,0,0,451444.0,2279274.0,
2013-01-01,0.0,0.0,0.0,3,0,1,409478.0,2565421.0,
2013-01-02,0.0,0.0,0.0,4,0,0,390177.0,2068685.0,
2013-01-03,0.0,0.0,0.0,5,0,0,438439.0,2124198.0,
2013-01-04,0.0,0.0,0.0,6,1,0,475773.0,2203792.0,
2013-01-05,0.0,0.0,0.0,7,1,0,470963.0,2340142.0,
2013-01-06,0.0,0.0,0.0,1,0,0,400888.0,2183487.0,
2013-01-07,0.0,0.0,0.0,2,0,0,404767.0,1936804.0,
2013-01-08,0.0,0.0,0.0,3,0,0,439146.0,1984819.0,
2013-01-09,0.0,0.0,0.0,4,0,0,454801.0,2064282.0,
2013-01-10,0.0,0.0,0.0,5,0,0,485352.0,2241637.0,
2013-01-11,0.55,0.0,0.0,6,1,0,518578.0,2361353.0,
2013-01-12,0.02,0.0,0.0,7,1,0,504883.0,2430494.0,
2013-01-13,0.0,0.0,0.0,1,0,0,439983.0,2370004.0,
2013-01-14,0.09,0.0,0.0,2,0,0,441021.0,2075455.0,
2013-01-15,0.12,0.0,0.0,3,0,0,494383.0,2221123.0,
2013-01-16,0.69,0.0,0.0,4,0,0,497460.0,2273204.0,
2013-01-17,0.0,0.0,0.0,5,0,0,509629.0,2398320.0,
2013-01-18,0.0,0.0,0.0,6,1,0,540869.0,2543417.0,
2013-01-19,0.0,0.0,0.0,7,1,0,507837.0,2494671.0,
2013-01-20,0.0,0.0,0.0,1,0,0,456912.0,2373563.0,
2013-01-21,0.0,0.0,0.0,2,0,1,382258.0,2002221.0,
2013-01-22,0.0,0.0,0.0,3,0,0,493493.0,2204723.0,
2013-01-23,0.0,0.0,0.0,4,0,0,517681.0,2269643.0,
2013-01-24,0.0,0.0,0.0,5,0,0,529489.0,2418537.0,
2013-01-25,0.07,0.0,1.5,6,1,0,534282.0,2431013.0,
2013-01-26,0.0,2.0,0.0,7,1,0,554599.0,2619944.0,
2013-01-27,0.0,1.0,0.0,1,0,0,468136.0,2480768.0,
2013-01-28,0.22,1.0,0.0,2,0,0,448503.0,2070537.0,
2013-01-29,0.06,0.0,0.0,3,0,0,474986.0,2119572.0,
2013-01-30,0.04,0.0,0.0,4,0,0,479941.0,2152479.0,
2013-01-31,0.9,0.0,0.0,5,0,0,528482.0,2432838.0,
2013-02-01,0.0,0.0,0.0,6,1,0,564218.0,2585658.0,
2013-02-02,0.02,0.0,0.1,7,1,0,567217.0,2622145.0,
2013-02-03,0.02,0.0,0.3,1,0,0,470124.0,2442109.0,
2013-02-04,0.0,0.0,0.0,2,0,0,454562.0,2116410.0,
2013-02-05,0.02,0.0,0.4,3,0,0,480056.0,2098934.0,
2013-02-06,0.0,0.0,0.0,4,0,0,503868.0,2248757.0,
2013-02-07,0.0,0.0,0.0,5,0,0,532145.0,2465065.0,
2013-02-08,1.15,0.0,6.3,6,1,0,430407.0,1785498.0,
2013-02-09,0.38,11.0,5.1,7,1,0,390162.0,1783348.0,
2013-02-10,0.0,10.0,0.0,1,0,0,456926.0,2399792.0,
2013-02-11,0.49,9.0,0.0,2,0,0,456273.0,2106983.0,
2013-02-12,0.0,4.0,0.0,3,0,0,501197.0,2286236.0,
2013-02-13,0.03,0.0,0.0,4,0,0,521370.0,2395764.0,
2013-02-14,0.0,0.0,0.0,5,0,0,524565.0,2495609.0,
2013-02-15,0.0,0.0,0.0,6,1,0,534059.0,2617219.0,
2013-02-16,0.02,0.0,0.0,7,1,0,539617.0,2658286.0,
2013-02-17,0.0,0.0,0.0,1,0,0,503632.0,2572696.0,
2013-02-18,0.0,0.0,0.0,2,0,1,404544.0,2136917.0,
2013-02-19,0.15,0.0,0.0,3,0,0,453918.0,2152095.0,
2013-02-20,0.0,0.0,0.0,4,0,0,509863.0,2293458.0,
2013-02-21,0.0,0.0,0.0,5,0,0,535347.0,2458665.0,
2013-02-22,0.0,0.0,0.0,6,1,0,555897.0,2625356.0,
2013-02-23,0.26,0.0,0.0,7,1,0,582260.0,2765167.0,
2013-02-24,0.01,0.0,0.0,1,0,0,472103.0,2525493.0,
2013-02-25,0.0,0.0,0.0,2,0,0,449297.0,2178681.0,
2013-02-26,0.14,0.0,0.0,3,0,0,494068.0,2256100.0,
2013-02-27,1.56,0.0,0.0,4,0,0,506389.0,2316121.0,
2013-02-28,0.0,0.0,0.0,5,0,0,522197.0,2497711.0,
2013-03-01,0.0,0.0,0.0,6,1,0,561527.0,2699565.0,
2013-03-02,0.0,0.0,0.0,7,1,0,582011.0,2838295.0,
2013-03-03,0.0,0.0,0.0,1,0,0,490672.0,2677045.0,
2013-03-04,0.0,0.0,0.0,2,0,0,463997.0,2229939.0,
2013-03-05,0.0,0.0,0.0,3,0,0,491163.0,2252132.0,
2013-03-06,0.0,0.0,0.0,4,0,0,515617.0,2337302.0,
2013-03-07,0.19,0.0,0.0,5,0,0,535647.0,2452678.0,
2013-03-08,0.54,2.0,4.0,6,1,0,542874.0,2550586.0,
2013-03-09,0.0,2.0,0.0,7,1,0,559205.0,2804771.0,
2013-03-10,0.0,0.0,0.0,1,0,0,465699.0,2591848.0,
2013-03-11,0.0,0.0,0.0,2,0,0,448852.0,2208130.0,
2013-03-12,0.79,0.0,0.0,3,0,0,492321.0,2238661.0,
2013-03-13,0.0,0.0,0.0,4,0,0,512036.0,2455256.0,
2013-03-14,0.0,0.0,0.0,5,0,0,549841.0,2666400.0,
2013-03-15,0.0,0.0,0.0,6,1,0,556405.0,2751518.0,
2013-03-16,0.12,0.0,0.3,7,1,0,570952.0,2911157.0,
2013-03-17,0.0,0.0,0.0,1,0,0,490765.0,2742138.0,
2013-03-18,0.65,0.0,3.0,2,0,0,455396.0,2232070.0,
2013-03-19,0.36,2.0,0.0,3,0,0,474503.0,2242907.0,
2013-03-20,0.0,0.0,0.0,4,0,0,491295.0,2374171.0,
2013-03-21,0.0,0.0,0.0,5,0,0,501362.0,2467026.0,
2013-03-22,0.0,0.0,0.0,6,1,0,545398.0,2673800.0,
2013-03-23,0.0,0.0,0.0,7,1,0,550590.0,2781636.0,
2013-03-24,0.0,0.0,0.0,1,0,0,465359.0,2603361.0,
2013-03-25,0.17,0.0,0.0,2,0,0,436310.0,2148633.0,
2013-03-26,0.0,0.0,0.0,3,0,0,458068.0,2272440.0,
2013-03-27,0.0,0.0,0.0,4,0,0,484357.0,2340262.0,
2013-03-28,0.0,0.0,0.0,5,0,0,509834.0,2530591.0,
2013-03-29,0.0,0.0,0.0,6,1,0,516469.0,2599025.0,
2013-03-30,0.0,0.0,0.0,7,1,0,502093.0,2578020.0,
2013-03-31,0.08,0.0,0.0,1,0,0,444712.0,2498487.0,
2013-04-01,0.0,0.0,0.0,2,0,0,426463.0,2209352.0,
2013-04-02,0.0,0.0,0.0,3,0,0,493169.0,2375574.0,
2013-04-03,0.0,0.0,0.0,4,0,0,511553.0,2428752.0,
2013-04-04,0.0,0.0,0.0,5,0,0,530174.0,2590597.0,
2013-04-05,0.0,0.0,0.0,6,1,0,551917.0,2697163.0,
2013-04-06,0.0,0.0,0.0,7,1,0,530347.0,2717024.0,
2013-04-07,0.0,0.0,0.0,1,0,0,458408.0,2634727.0,
2013-04-08,0.0,0.0,0.0,2,0,0,438152.0,2190470.0,
2013-04-09,0.0,0.0,0.0,3,0,0,474749.0,2262794.0,
2013-04-10,0.49,0.0,0.0,4,0,0,500773.0,2360261.0,
2013-04-11,0.0,0.0,0.0,5,0,0,522557.0,2606189.0,
2013-04-12,0.63,0.0,0.0,6,1,0,562271.0,2650436.0,
2013-04-13,0.01,0.0,0.0,7,1,0,552838.0,2764005.0,
2013-04-14,0.0,0.0,0.0,1,0,0,482878.0,2733958.0,
2013-04-15,0.0,0.0,0.0,2,0,0,458586.0,2309297.0,
2013-04-16,0.0,0.0,0.0,3,0,0,478695.0,2278011.0,
2013-04-17,0.02,0.0,0.0,4,0,0,499275.0,2377353.0,
2013-04-18,0.01,0.0,0.0,5,0,0,522856.0,2551428.0,
2013-04-19,0.05,0.0,0.0,6,1,0,539053.0,2682577.0,
2013-04-20,0.06,0.0,0.0,7,1,0,565205.0,2853842.0,
2013-04-21,0.0,0.0,0.0,1,0,0,478068.0,2681089.0,
2013-04-22,0.0,0.0,0.0,2,0,0,452170.0,2244497.0,
2013-04-23,0.0,0.0,0.0,3,0,0,493501.0,2341088.0,
2013-04-24,0.0,0.0,0.0,4,0,0,494812.0,2359296.0,
2013-04-25,0.0,0.0,0.0,5,0,0,512662.0,2576704.0,
2013-04-26,0.0,0.0,0.0,6,1,0,532911.0,2698887.0,
2013-04-27,0.0,0.0,0.0,7,1,0,532576.0,2750432.0,
2013-04-28,0.0,0.0,0.0,1,0,0,462562.0,2658770.0,
2013-04-29,0.04,0.0,0.0,2,0,0,453955.0,2244218.0,
2013-04-30,0.0,0.0,0.0,3,0,0,475021.0,2280562.0,
2013-05-01,0.0,0.0,0.0,4,0,0,491013.0,2402738.0,
2013-05-02,0.0,0.0,0.0,5,0,0,517162.0,2562281.0,
2013-05-03,0.0,0.0,0.0,6,1,0,544841.0,2732645.0,
2013-05-04,0.0,0.0,0.0,7,1,0,548930.0,2792925.0,
2013-05-05,0.0,0.0,0.0,1,0,0,482973.0,2776421.0,
2013-05-06,0.0,0.0,0.0,2,0,0,462592.0,2329271.0,
2013-05-07,0.0,0.0,0.0,3,0,0,485148.0,2348102.0,
2013-05-08,3.02,0.0,0.0,4,0,0,503659.0,2411883.0,
2013-05-09,0.5,0.0,0.0,5,0,0,520993.0,2596406.0,
2013-05-10,0.01,0.0,0.0,6,1,0,532250.0,2677827.0,
2013-05-11,1.09,0.0,0.0,7,1,0,534520.0,2696923.0,
2013-05-12,0.0,0.0,0.0,1,0,0,455865.0,2620946.0,
2013-05-13,0.0,0.0,0.0,2,0,0,454507.0,2285572.0,
2013-05-14,0.0,0.0,0.0,3,0,0,484693.0,2309489.0,
2013-05-15,0.0,0.0,0.0,4,0,0,502635.0,2448062.0,
2013-05-16,0.0,0.0,0.0,5,0,0,522065.0,2629976.0,
2013-05-17,0.0,0.0,0.0,6,1,0,527847.0,2739782.0,
2013-05-18,0.01,0.0,0.0,7,1,0,530356.0,2818394.0,
2013-05-19,0.6,0.0,0.0,1,0,0,484475.0,2739173.0,
2013-05-20,0.0,0.0,0.0,2,0,0,461189.0,2410958.0,
2013-05-21,0.0,0.0,0.0,3,0,0,494488.0,2475377.0,
2013-05-22,0.0,0.0,0.0,4,0,0,498577.0,2482017.0,
2013-05-23,1.81,0.0,0.0,5,0,0,488951.0,2520760.0,
2013-05-24,0.3,0.0,0.0,6,1,0,490416.0,2576921.0,
2013-05-25,0.14,0.0,0.0,7,1,0,451100.0,2412570.0,
2013-05-26,0.0,0.0,0.0,1,0,0,382341.0,2199545.0,
2013-05-27,0.0,0.0,0.0,2,0,1,334175.0,2108590.0,
2013-05-28,0.52,0.0,0.0,3,0,0,443730.0,2234338.0,
2013-05-29,0.0,0.0,0.0,4,0,0,477563.0,2309773.0,
2013-05-30,0.0,0.0,0.0,5,0,0,507683.0,2489888.0,
2013-05-31,0.0,0.0,0.0,6,1,0,522924.0,2598728.0,
2013-06-01,0.0,0.0,0.0,7,1,0,531033.0,2767484.0,
2013-06-02,0.85,0.0,0.0,1,0,0,448976.0,2594865.0,
2013-06-03,0.87,0.0,0.0,2,0,0,450448.0,2260565.0,
2013-06-04,0.0,0.0,0.0,3,0,0,474694.0,2329508.0,
2013-06-05,0.0,0.0,0.0,4,0,0,494954.0,2427830.0,
2013-06-06,0.13,0.0,0.0,5,0,0,512576.0,2566713.0,
2013-06-07,4.16,0.0,0.0,6,1,0,529456.0,2580542.0,
2013-06-08,0.48,0.0,0.0,7,1,0,486963.0,2532161.0,
2013-06-09,0.0,0.0,0.0,1,0,0,438354.0,2615217.0,
2013-06-10,1.38,0.0,0.0,2,0,0,458789.0,2305626.0,
2013-06-11,0.09,0.0,0.0,3,0,0,471217.0,2291618.0,
2013-06-12,0.0,0.0,0.0,4,0,0,483949.0,2384542.0,
2013-06-13,1.26,0.0,0.0,5,0,0,517184.0,2491224.0,
2013-06-14,0.38,0.0,0.0,6,1,0,505146.0,2570432.0,
2013-06-15,0.0,0.0,0.0,7,1,0,492953.0,2619202.0,
2013-06-16,0.0,0.0,0.0,1,0,0,419405.0,2527105.0,
2013-06-17,0.01,0.0,0.0,2,0,0,435248.0,2252776.0,
2013-06-18,0.2,0.0,0.0,3,0,0,464989.0,2263646.0,
2013-06-19,0.0,0.0,0.0,4,0,0,487226.0,2443054.0,
2013-06-20,0.0,0.0,0.0,5,0,0,496791.0,2504449.0,
2013-06-21,0.0,0.0,0.0,6,1,0,502461.0,2583510.0,
2013-06-22,0.0,0.0,0.0,7,1,0,471713.0,2518693.0,
2013-06-23,0.0,0.0,0.0,1,0,0,434121.0,2554680.0,
2013-06-24,0.0,0.0,0.0,2,0,0,435013.0,2225420.0,
2013-06-25,0.0,0.0,0.0,3,0,0,468154.0,2287019.0,
2013-06-26,0.05,0.0,0.0,4,0,0,485159.0,2405495.0,
2013-06-27,0.24,0.0,0.0,5,0,0,502153.0,2489638.0,
2013-06-28,0.0,0.0,0.0,6,1,0,504014.0,2606307.0,
2013-06-29,0.0,0.0,0.0,7,1,0,487795.0,2646711.0,
2013-06-30,0.0,0.0,0.0,1,0,0,415444.0,2397543.0,
2013-07-01,0.84,0.0,0.0,2,0,0,419981.0,2115591.0,
2013-07-02,0.08,0.0,0.0,3,0,0,440003.0,2096486.0,
2013-07-03,0.53,0.0,0.0,4,0,0,432849.0,2139755.0,
2013-07-04,0.0,0.0,0.0,5,0,1,324279.0,1817407.0,
2013-07-05,0.0,0.0,0.0,6,1,0,351136.0,1811423.0,
2013-07-06,0.0,0.0,0.0,7,1,0,353088.0,1942122.0,
2013-07-07,0.0,0.0,0.0,1,0,0,356624.0,2150741.0,
2013-07-08,0.22,0.0,0.0,2,0,0,411548.0,2208974.0,
2013-07-09,0.23,0.0,0.0,3,0,0,456281.0,2218015.0,
2013-07-10,0.0,0.0,0.0,4,0,0,472291.0,2271125.0,
2013-07-11,0.0,0.0,0.0,5,0,0,492370.0,2454440.0,
2013-07-12,0.25,0.0,0.0,6,1,0,504763.0,2487830.0,
2013-07-13,0.06,0.0,0.0,7,1,0,466212.0,2458466.0,
2013-07-14,0.0,0.0,0.0,1,0,0,433237.0,2497410.0,
2013-07-15,0.0,0.0,0.0,2,0,0,441017.0,2205067.0,
2013-07-16,0.0,0.0,0.0,3,0,0,464276.0,2214086.0,
2013-07-17,0.0,0.0,0.0,4,0,0,493999.0,2345267.0,
2013-07-18,0.0,0.0,0.0,5,0,0,511059.0,2479712.0,
2013-07-19,0.0,0.0,0.0,6,1,0,513124.0,2541115.0,
2013-07-20,0.0,0.0,0.0,7,1,0,483522.0,2533093.0,
2013-07-21,0.0,0.0,0.0,1,0,0,412115.0,2421537.0,
2013-07-22,0.06,0.0,0.0,2,0,0,437851.0,2196011.0,
2013-07-23,0.31,0.0,0.0,3,0,0,462880.0,2274590.0,
2013-07-24,0.0,0.0,0.0,4,0,0,473963.0,2350253.0,
2013-07-25,0.01,0.0,0.0,5,0,0,485467.0,2431001.0,
2013-07-26,0.0,0.0,0.0,6,1,0,480916.0,2450856.0,
2013-07-27,0.0,0.0,0.0,7,1,0,455460.0,2463534.0,
2013-07-28,0.24,0.0,0.0,1,0,0,412884.0,2382351.0,
2013-07-29,0.01,0.0,0.0,2,0,0,406883.0,2177721.0,
2013-07-30,0.0,0.0,0.0,3,0,0,441220.0,2154980.0,
2013-07-31,0.0,0.0,0.0,4,0,0,457055.0,2254027.0,
2013-08-01,0.65,0.0,0.0,5,0,0,305282.0,1267755.0,
2013-08-02,0.0,0.0,0.0,6,1,0,235199.0,911648.0,
2013-08-03,0.06,0.0,0.0,7,1,0,225044.0,950734.0,
2013-08-04,0.0,0.0,0.0,1,0,0,200898.0,936664.0,
2013-08-05,0.0,0.0,0.0,2,0,0,403909.0,2130132.0,
2013-08-06,0.0,0.0,0.0,3,0,0,445701.0,2191962.0,
2013-08-07,0.0,0.0,0.0,4,0,0,462982.0,2303968.0,
2013-08-08,0.46,0.0,0.0,5,0,0,434416.0,2196054.0,
2013-08-09,0.05,0.0,0.0,6,1,0,486283.0,2497772.0,
2013-08-10,0.0,0.0,0.0,7,1,0,442390.0,2428254.0,
2013-08-11,0.0,0.0,0.0,1,0,0,194168.0,1439123.0,
2013-08-12,0.05,0.0,0.0,2,0,0,385504.0,2101449.0,
2013-08-13,0.85,0.0,0.0,3,0,0,433725.0,2177539.0,
2013-08-14,0.0,0.0,0.0,4,0,0,442613.0,2282304.0,
2013-08-15,0.0,0.0,0.0,5,0,0,457820.0,2442528.0,
2013-08-16,0.0,0.0,0.0,6,1,0,433891.0,2385593.0,
2013-08-17,0.0,0.0,0.0,7,1,0,424528.0,2447181.0,
2013-08-18,0.0,0.0,0.0,1,0,0,379761.0,2355986.0,
2013-08-19,0.0,0.0,0.0,2,0,0,395030.0,2108546.0,
2013-08-20,0.0,0.0,0.0,3,0,0,430057.0,2154085.0,
2013-08-21,0.0,0.0,0.0,4,0,0,451408.0,2285230.0,
2013-08-22,0.25,0.0,0.0,5,0,0,468473.0,2357206.0,
2013-08-23,0.0,0.0,0.0,6,1,0,461752.0,2460734.0,
2013-08-24,0.0,0.0,0.0,7,1,0,445903.0,2485612.0,
2013-08-25,0.0,0.0,0.0,1,0,0,398187.0,2435605.0,
2013-08-26,0.04,0.0,0.0,2,0,0,391823.0,2114101.0,
2013-08-27,0.01,0.0,0.0,3,0,0,420250.0,2114524.0,
2013-08-28,0.43,0.0,0.0,4,0,0,441996.0,2205019.0,
2013-08-29,0.0,0.0,0.0,5,0,0,452690.0,2399139.0,
2013-08-30,0.0,0.0,0.0,6,1,0,454019.0,2494579.0,
2013-08-31,0.0,0.0,0.0,7,1,0,431926.0,2457462.0,
2013-09-01,0.0,0.0,0.0,1,0,0,382359.0,2228224.0,
2013-09-02,0.05,0.0,0.0,2,0,1,330245.0,2068841.0,
2013-09-03,0.03,0.0,0.0,3,0,0,420027.0,2236191.0,
2013-09-04,0.0,0.0,0.0,4,0,0,451669.0,2219647.0,
2013-09-05,0.0,0.0,0.0,5,0,0,464834.0,2308271.0,
2013-09-06,0.0,0.0,0.0,6,1,0,505852.0,2529141.0,
2013-09-07,0.0,0.0,0.0,7,1,0,508378.0,2668514.0,
2013-09-08,0.0,0.0,0.0,1,0,0,459820.0,2648284.0,
2013-09-09,0.0,0.0,0.0,2,0,0,448531.0,2315087.0,
2013-09-10,0.01,0.0,0.0,3,0,0,480889.0,2317746.0,
2013-09-11,0.0,0.0,0.0,4,0,0,498255.0,2344469.0,
2013-09-12,1.6,0.0,0.0,5,0,0,500532.0,2480741.0,
2013-09-13,0.06,0.0,0.0,6,1,0,520345.0,2692644.0,
2013-09-14,0.0,0.0,0.0,7,1,0,515457.0,2663594.0,
2013-09-15,0.0,0.0,0.0,1,0,0,459945.0,2640075.0,
2013-09-16,0.03,0.0,0.0,2,0,0,442315.0,2265019.0,
2013-09-17,0.0,0.0,0.0,3,0,0,465689.0,2254945.0,
2013-09-18,0.0,0.0,0.0,4,0,0,481970.0,2368610.0,
2013-09-19,0.0,0.0,0.0,5,0,0,501354.0,2536214.0,
2013-09-20,0.0,0.0,0.0,6,1,0,520207.0,2691783.0,
2013-09-21,0.72,0.0,0.0,7,1,0,532349.0,2790251.0,
2013-09-22,0.45,0.0,0.0,1,0,0,454441.0,2676968.0,
2013-09-23,0.0,0.0,0.0,2,0,0,409378.0,2146296.0,
2013-09-24,0.0,0.0,0.0,3,0,0,432510.0,2112893.0,
2013-09-25,0.0,0.0,0.0,4,0,0,459119.0,2287003.0,
2013-09-26,0.0,0.0,0.0,5,0,0,482057.0,2449422.0,
2013-09-27,0.0,0.0,0.0,6,1,0,499377.0,2588157.0,
2013-09-28,0.0,0.0,0.0,7,1,0,523183.0,2756141.0,
2013-09-29,0.0,0.0,0.0,1,0,0,455069.0,2701542.0,
2013-09-30,0.0,0.0,0.0,2,0,0,421929.0,2221612.0,
2013-10-01,0.0,0.0,0.0,3,0,0,450096.0,2198285.0,
2013-10-02,0.0,0.0,0.0,4,0,0,472479.0,2313239.0,
2013-10-03,0.0,0.0,0.0,5,0,0,494032.0,2485505.0,
2013-10-04,0.0,0.0,0.0,6,1,0,518082.0,2612535.0,
2013-10-05,0.0,0.0,0.0,7,1,0,535777.0,2722949.0,
2013-10-06,0.0,0.0,0.0,1,0,0,454847.0,2657251.0,
2013-10-07,0.25,0.0,0.0,2,0,0,423557.0,2136450.0,
2013-10-08,0.0,0.0,0.0,3,0,0,457424.0,2211630.0,
2013-10-09,0.0,0.0,0.0,4,0,0,482316.0,2356914.0,
2013-10-10,0.0,0.0,0.0,5,0,0,504097.0,2523346.0,
2013-10-11,0.02,0.0,0.0,6,1,0,513385.0,2642529.0,
2013-10-12,0.0,0.0,0.0,7,1,0,521306.0,2757738.0,
2013-10-13,0.0,0.0,0.0,1,0,0,459953.0,2661781.0,
2013-10-14,0.0,0.0,0.0,2,0,1,401071.0,2213948.0,
2013-10-15,0.0,0.0,0.0,3,0,0,427954.0,2176855.0,
2013-10-16,0.0,0.0,0.0,4,0,0,474925.0,2349964.0,
2013-10-17,0.02,0.0,0.0,5,0,0,503750.0,2536695.0,
2013-10-18,0.0,0.0,0.0,6,1,0,523760.0,2670680.0,
2013-10-19,0.01,0.0,0.0,7,1,0,546345.0,2806213.0,
2013-10-20,0.0,0.0,0.0,1,0,0,470976.0,2740610.0,
2013-10-21,0.0,0.0,0.0,2,0,0,432873.0,2223848.0,
2013-10-22,0.0,0.0,0.0,3,0,0,464294.0,2245350.0,
2013-10-23,0.0,0.0,0.0,4,0,0,492876.0,2377324.0,
2013-10-24,0.0,0.0,0.0,5,0,0,511236.0,2547634.0,
2013-10-25,0.0,0.0,0.0,6,1,0,528124.0,2644146.0,
2013-10-26,0.0,0.0,0.0,7,1,0,533266.0,2752941.0,
2013-10-27,0.0,0.0,0.0,1,0,0,465636.0,2742832.0,
2013-10-28,0.0,0.0,0.0,2,0,0,429751.0,2192850.0,
2013-10-29,0.0,0.0,0.0,3,0,0,461637.0,2169189.0,
2013-10-30,0.0,0.0,0.0,4,0,0,479254.0,2294195.0,
2013-10-31,0.06,0.0,0.0,5,0,0,486754.0,2356671.0,
2013-11-01,0.13,0.0,0.0,6,1,0,552860.0,2808856.0,
2013-11-02,0.0,0.0,0.0,7,1,0,547666.0,2736745.0,
2013-11-03,0.0,0.0,0.0,1,0,0,479960.0,2690857.0,
2013-11-04,0.0,0.0,0.0,2,0,0,445591.0,2278942.0,
2013-11-05,0.0,0.0,0.0,3,0,0,465104.0,2230604.0,
2013-11-06,0.0,0.0,0.0,4,0,0,480645.0,2306924.0,
2013-11-07,0.13,0.0,0.0,5,0,0,505375.0,2494557.0,
2013-11-08,0.0,0.0,0.0,6,1,0,525505.0,2640860.0,
2013-11-09,0.0,0.0,0.0,7,1,0,542198.0,2693156.0,
2013-11-10,0.0,0.0,0.0,1,0,0,470443.0,2624604.0,
2013-11-11,0.0,0.0,0.0,2,0,1,415453.0,2182159.0,
2013-11-12,0.03,0.0,0.0,3,0,0,471530.0,2193367.0,
2013-11-13,0.0,0.0,0.0,4,0,0,489545.0,2290467.0,
2013-11-14,0.0,0.0,0.0,5,0,0,503665.0,2447082.0,
2013-11-15,0.0,0.0,0.0,6,1,0,511439.0,2547759.0,
2013-11-16,0.05,0.0,0.0,7,1,0,535760.0,2689998.0,
2013-11-17,0.03,0.0,0.0,1,0,0,462156.0,2603619.0,
2013-11-18,0.22,0.0,0.0,2,0,0,422654.0,2152148.0,
2013-11-19,0.0,0.0,0.0,3,0,0,473020.0,2185522.0,
2013-11-20,0.0,0.0,0.0,4,0,0,490719.0,2305385.0,
2013-11-21,0.0,0.0,0.0,5,0,0,495198.0,2423156.0,
2013-11-22,0.07,0.0,0.0,6,1,0,521751.0,2556513.0,
2013-11-23,0.0,0.0,0.0,7,1,0,551020.0,2725034.0,
2013-11-24,0.0,0.0,0.0,1,0,0,495337.0,2560670.0,
2013-11-25,0.0,0.0,0.0,2,0,0,443496.0,2060805.0,
2013-11-26,0.51,0.0,0.0,3,0,0,435635.0,2082544.0,
2013-11-27,1.98,0.0,0.0,4,0,0,444702.0,2086914.0,
2013-11-28,0.0,0.0,0.0,5,0,1,329744.0,1844206.0,
2013-11-29,0.0,0.0,0.0,6,1,0,372131.0,1797441.0,
2013-11-30,0.0,0.0,0.0,7,1,0,430810.0,2281952.0,
2013-12-01,0.0,0.0,0.0,1,0,0,395524.0,2390571.0,
2013-12-02,0.0,0.0,0.0,2,0,0,424539.0,2285198.0,
2013-12-03,0.0,0.0,0.0,3,0,0,461223.0,2273166.0,
2013-12-04,0.0,0.0,0.0,4,0,0,469263.0,2317693.0,
2013-12-05,0.01,0.0,0.0,5,0,0,495393.0,2483732.0,
2013-12-06,0.73,0.0,0.0,6,1,0,527742.0,2629499.0,
2013-12-07,0.14,0.0,0.0,7,1,0,549780.0,2731408.0,
2013-12-08,0.08,0.0,0.7,1,0,0,485111.0,2686530.0,
2013-12-09,0.3,0.0,0.0,2,0,0,449652.0,2255105.0,
2013-12-10,0.23,0.0,1.4,3,0,0,475945.0,2216498.0,
2013-12-11,0.0,0.0,0.0,4,0,0,482583.0,2366148.0,
2013-12-12,0.0,0.0,0.0,5,0,0,504408.0,2535639.0,
2013-12-13,0.0,0.0,0.0,6,1,0,540409.0,2714903.0,
2013-12-14,0.73,0.0,5.0,7,1,0,513443.0,2510556.0,
2013-12-15,0.72,3.1,0.0,1,0,0,455726.0,2510351.0,
2013-12-16,0.0,3.1,0.0,2,0,0,451648.0,2243251.0,
2013-12-17,0.19,3.1,1.5,3,0,0,479119.0,2247197.0,
2013-12-18,0.0,3.9,0.0,4,0,0,485524.0,2403078.0,
2013-12-19,0.0,3.1,0.0,5,0,0,492977.0,2507810.0,
2013-12-20,0.0,3.1,0.0,6,1,0,517505.0,2677120.0,
2013-12-21,0.01,1.2,0.0,7,1,0,475944.0,2549430.0,
2013-12-22,0.0,0.0,0.0,1,0,0,401029.0,2253243.0,
2013-12-23,0.51,0.0,0.0,2,0,0,383172.0,1897164.0,
2013-12-24,0.0,0.0,0.0,3,0,0,367683.0,1774652.0,
2013-12-25,0.0,0.0,0.0,4,0,1,244414.0,1415704.0,
2013-12-26,0.0,0.0,0.0,5,0,0,320161.0,1709114.0,
2013-12-27,0.0,0.0,0.0,6,1,0,379773.0,2047737.0,
2013-12-28,0.0,0.0,0.0,7,1,0,389023.0,2195507.0,
2013-12-29,1.2,0.0,0.0,1,0,0,405067.0,2312966.0,
2013-12-30,0.0,0.0,0.0,2,0,0,403643.0,2133264.0,
2013-12-31,0.0,0.0,0.0,3,0,0,465263.0,2265849.0,
2014-01-01,0.0,0.0,0.0,4,0,1,418183.0,2576535.0,
2014-01-02,0.33,0.0,3.1,5,0,0,358033.0,1802026.0,
2014-01-03,0.29,5.9,3.3,6,1,0,273961.0,1416952.0,
2014-01-04,0.0,5.9,0.0,7,1,0,415356.0,2095195.0,
2014-01-05,0.14,3.9,0.0,1,0,0,386205.0,2104030.0,
2014-01-06,0.36,1.2,0.0,2,0,0,392955.0,1974823.0,
2014-01-07,0.0,0.0,0.0,3,0,0,457452.0,2042731.0,
2014-01-08,0.0,0.0,0.0,4,0,0,471030.0,2094533.0,
2014-01-09,0.0,0.0,0.0,5,0,0,476978.0,2207632.0,
2014-01-10,0.11,0.0,0.0,6,1,0,505133.0,2327305.0,
2014-01-11,0.5,0.0,0.0,7,1,0,508550.0,2433713.0,
2014-01-12,0.05,0.0,0.0,1,0,0,447852.0,2419176.0,
2014-01-13,0.0,0.0,0.0,2,0,0,417424.0,1988591.0,
2014-01-14,0.38,0.0,0.0,3,0,0,451714.0,2028165.0,
2014-01-15,0.0,0.0,0.0,4,0,0,463856.0,2228766.0,
2014-01-16,0.0,0.0,0.0,5,0,0,479277.0,2287242.0,
2014-01-17,0.0,0.0,0.0,6,1,0,488032.0,2388492.0,
2014-01-18,0.07,0.0,0.0,7,1,0,504454.0,2450053.0,
2014-01-19,0.0,0.0,0.0,1,0,0,459740.0,2364088.0,
2014-01-20,0.0,0.0,0.0,2,0,1,376167.0,2031600.0,
2014-01-21,0.46,0.0,11.0,3,0,0,253628.0,1080625.0,
2014-01-22,0.02,11.0,0.5,4,0,0,375594.0,1754430.0,
2014-01-23,0.0,7.1,0.0,5,0,0,459513.0,2220483.0,
2014-01-24,0.0,5.9,0.0,6,1,0,506747.0,2367264.0,
2014-01-25,0.04,3.9,1.0,7,1,0,528118.0,2461137.0,
2014-01-26,0.0,3.9,0.0,1,0,0,454516.0,2369601.0,
2014-01-27,0.0,3.1,0.0,2,0,0,416620.0,1939063.0,
2014-01-28,0.0,1.2,0.0,3,0,0,466218.0,2021679.0,
2014-01-29,0.04,2.0,0.8,4,0,0,475551.0,2105352.0,
2014-01-30,0.0,1.0,0.0,5,0,0,493194.0,2263127.0,
2014-01-31,0.0,1.2,0.0,6,1,0,523837.0,2455915.0,
2014-02-01,0.0,1.2,0.0,7,1,0,530995.0,2535656.0,3296611.0008
2014-02-02,0.0,1.2,0.0,1,0,0,461620.0,2396314.0,2758176.0
2014-02-03,1.17,1.2,8.0,2,0,0,380171.0,1870718.0,5097009.0
2014-02-04,0.0,7.9,0.0,3,0,0,452090.0,2099456.0,6036412.0008000005
2014-02-05,1.43,9.1,4.0,4,0,0,411801.0,1789050.0,5145967.9991999995
2014-02-06,0.0,9.1,0.0,5,0,0,476143.0,2262183.0,6203766.0
2014-02-07,0.0,9.1,0.0,6,1,0,509397.0,2414586.0,6205399.0008000005
2014-02-08,0.0,9.1,0.0,7,1,0,547326.0,2542633.0,3504045.0
2014-02-09,0.1,7.9,1.2,1,0,0,463940.0,2393586.0,2615440.9992
2014-02-10,0.0,9.8,0.0,2,0,0,433614.0,2022679.0,5858365.0008000005
2014-02-11,0.0,9.8,0.0,3,0,0,486933.0,2152252.0,6111085.0008000005
2014-02-12,0.0,9.8,0.0,4,0,0,479313.0,2177909.0,6036487.9991999995
2014-02-13,1.78,11.8,9.5,5,0,0,324281.0,1468152.0,4209051.0
2014-02-14,0.3,18.1,3.0,6,1,0,469430.0,2346086.0,5774128.9991999995
2014-02-15,0.13,18.1,1.6,7,1,0,488763.0,2413533.0,3269844.0
2014-02-16,0.0,18.1,0.0,1,0,0,454796.0,2335319.0,2768011.9992
2014-02-17,0.0,16.9,0.0,2,0,1,389460.0,2039830.0,3604567.0008
2014-02-18,0.16,18.1,1.5,3,0,0,417194.0,1997596.0,5502748.0008000005
2014-02-19,0.26,16.9,0.0,4,0,0,443523.0,2084467.0,5767300.9991999995
2014-02-20,0.03,15.0,0.0,5,0,0,463331.0,2239104.0,5940045.0
2014-02-21,0.09,13.0,0.0,6,1,0,500649.0,2367834.0,5664108.0
2014-02-22,0.0,9.8,0.0,7,1,0,519250.0,2596586.0,3563997.0
2014-02-23,0.0,9.1,0.0,1,0,0,439684.0,2436815.0,2761582.0008
2014-02-24,0.0,5.9,0.0,2,0,0,437017.0,2099260.0,5866651.9991999995
2014-02-25,0.0,5.9,0.0,3,0,0,469793.0,2140531.0,6045000.0
2014-02-26,0.03,5.9,0.2,4,0,0,490339.0,2239194.0,6001360.9991999995
2014-02-27,0.0,5.9,0.0,5,0,0,509656.0,2391204.0,6124323.0
2014-02-28,0.0,5.9,0.0,6,1,0,541591.0,2566250.0,5994252.0
2014-03-01,0.0,5.9,0.0,7,1,0,552180.0,2717002.0,3464067.0
2014-03-02,0.0,5.1,0.0,1,0,0,459535.0,2504095.0,2615929.0008
2014-03-03,0.04,5.1,0.1,2,0,0,461614.0,2118510.0,5606644.0008000005
2014-03-04,0.0,5.1,0.0,3,0,0,496849.0,2267190.0,6018852.0
2014-03-05,0.0,3.9,0.0,4,0,0,505844.0,2372398.0,6142945.9991999995
2014-03-06,0.0,3.9,0.0,5,0,0,528358.0,2517880.0,6219351.0
2014-03-07,0.0,3.9,0.0,6,1,0,544366.0,2605136.0,6146652.0
2014-03-08,0.0,3.1,0.0,7,1,0,548748.0,2723135.0,3689098.0008
2014-03-09,0.0,2.0,0.0,1,0,0,470732.0,2608176.0,2692954.9992
2014-03-10,0.0,1.2,0.0,2,0,0,439847.0,2178534.0,5783566.0008000005
2014-03-11,0.0,0.0,0.0,3,0,0,454542.0,2166351.0,6155775.0
2014-03-12,0.35,0.0,0.0,4,0,0,480757.0,2287235.0,6157734.0
2014-03-13,0.0,0.0,0.0,5,0,0,546577.0,2523467.0,6056005.9991999995
2014-03-14,0.0,0.0,0.0,6,1,0,536255.0,2642217.0,6099528.0
2014-03-15,0.0,0.0,0.0,7,1,0,545051.0,2763557.0,3687354.0
2014-03-16,0.0,0.0,0.0,1,0,0,482165.0,2659191.0,2879479.9992
2014-03-17,0.0,0.0,0.0,2,0,0,430857.0,2190198.0,5684979.0
2014-03-18,0.0,0.0,0.0,3,0,0,467653.0,2225152.0,5999056.0008000005
2014-03-19,0.92,0.0,0.0,4,0,0,487100.0,2269625.0,6091942.9991999995
2014-03-20,0.0,0.0,0.0,5,0,0,497353.0,2497709.0,6100273.9991999995
2014-03-21,0.0,0.0,0.0,6,1,0,513744.0,2582814.0,6098647.9991999995
2014-03-22,0.0,0.0,0.0,7,1,0,531759.0,2728109.0,3633451.0008
2014-03-23,0.0,0.0,0.0,1,0,0,477988.0,2699724.0,2823553.0008
2014-03-24,0.0,0.0,0.0,2,0,0,441047.0,2215319.0,5706148.0008000005
2014-03-25,0.0,0.0,0.0,3,0,0,459293.0,2195082.0,5954080.9991999995
2014-03-26,0.0,0.0,0.0,4,0,0,500144.0,2335722.0,6026983.0008000005
2014-03-27,0.0,0.0,0.0,5,0,0,505297.0,2496257.0,6135522.0
2014-03-28,0.04,0.0,0.0,6,1,0,519665.0,2586066.0,6021214.0008000005
2014-03-29,1.81,0.0,0.0,7,1,0,571789.0,2755328.0,3454665.0
2014-03-30,0.35,0.0,0.0,1,0,0,460123.0,2568575.0,2691715.0008
2014-03-31,0.16,0.0,0.0,2,0,0,430181.0,2203136.0,5701084.9991999995
2014-04-01,0.0,0.0,0.0,3,0,0,460196.0,2188416.0,6136153.0008000005
2014-04-02,0.0,0.0,0.0,4,0,0,481399.0,2255007.0,6185955.0
2014-04-03,0.07,0.0,0.0,5,0,0,497365.0,2429839.0,6260488.0008000005
2014-04-04,0.21,0.0,0.0,6,1,0,541914.0,2589647.0,6167857.9991999995
2014-04-05,0.0,0.0,0.0,7,1,0,540346.0,2683059.0,3734959.0008
2014-04-06,0.0,0.0,0.0,1,0,0,472419.0,2678581.0,2970760.0008
2014-04-07,0.52,0.0,0.0,2,0,0,458231.0,2225501.0,5866771.9991999995
2014-04-08,0.34,0.0,0.0,3,0,0,464632.0,2229482.0,6054924.0
2014-04-09,0.0,0.0,0.0,4,0,0,482180.0,2332516.0,6223173.0
2014-04-10,0.0,0.0,0.0,5,0,0,496060.0,2485695.0,6295486.9991999995
2014-04-11,0.0,0.0,0.0,6,1,0,503107.0,2542021.0,6185022.0
2014-04-12,0.0,0.0,0.0,7,1,0,537514.0,2745205.0,3832204.9992
2014-04-13,0.0,0.0,0.0,1,0,0,469346.0,2654912.0,3076146.0
2014-04-14,0.0,0.0,0.0,2,0,0,417007.0,2164694.0,5442003.0
2014-04-15,0.71,0.0,0.0,3,0,0,479152.0,2250021.0,5381646.0
2014-04-16,0.05,0.0,0.0,4,0,0,492938.0,2413281.0,5693125.0008000005
2014-04-17,0.0,0.0,0.0,5,0,0,505687.0,2551238.0,5881767.0
2014-04-18,0.0,0.0,0.0,6,1,0,512233.0,2580104.0,5192635.0008000005
2014-04-19,0.0,0.0,0.0,7,1,0,481387.0,2458679.0,3595998.0
2014-04-20,0.0,0.0,0.0,1,0,0,426732.0,2499816.0,2874802.9992
2014-04-21,0.0,0.0,0.0,2,0,0,419136.0,2250137.0,5238976.9991999995
2014-04-22,0.01,0.0,0.0,3,0,0,461051.0,2307771.0,5573017.0008000005
2014-04-23,0.0,0.0,0.0,4,0,0,499023.0,2441478.0,6133171.0008000005
2014-04-24,0.0,0.0,0.0,5,0,0,502518.0,2548783.0,6273424.9991999995
2014-04-25,0.02,0.0,0.0,6,1,0,523534.0,2646613.0,6238666.0008000005
2014-04-26,0.92,0.0,0.0,7,1,0,537382.0,2740323.0,3818452.0008
2014-04-27,0.0,0.0,0.0,1,0,0,470501.0,2719735.0,3050413.0008
2014-04-28,0.0,0.0,0.0,2,0,0,433795.0,2257286.0,5862190.9991999995
2014-04-29,0.03,0.0,0.0,3,0,0,480772.0,2240231.0,6128556.0
2014-04-30,4.97,0.0,0.0,4,0,0,494833.0,2322576.0,6038034.0
2014-05-01,0.12,0.0,0.0,5,0,0,489816.0,2518699.0,6154368.0
2014-05-02,0.0,0.0,0.0,6,1,0,514069.0,2717870.0,6226354.0008000005
2014-05-03,0.08,0.0,0.0,7,1,0,541183.0,2797933.0,3842683.9992
2014-05-04,0.02,0.0,0.0,1,0,0,472949.0,2735987.0,2997544.9992
2014-05-05,0.0,0.0,0.0,2,0,0,458674.0,2374897.0,5913049.9991999995
2014-05-06,0.0,0.0,0.0,3,0,0,480503.0,2363158.0,6196258.9991999995
2014-05-07,0.0,0.0,0.0,4,0,0,481859.0,2404775.0,6314517.0
2014-05-08,0.41,0.0,0.0,5,0,0,505379.0,2526921.0,6187789.9991999995
2014-05-09,0.04,0.0,0.0,6,1,0,521014.0,2634099.0,6171823.0008000005
2014-05-10,0.37,0.0,0.0,7,1,0,524585.0,2720336.0,3645610.9992
2014-05-11,0.03,0.0,0.0,1,0,0,451187.0,2650135.0,2968368.0
2014-05-12,0.0,0.0,0.0,2,0,0,434922.0,2274008.0,5884006.9991999995
2014-05-13,0.0,0.0,0.0,3,0,0,470500.0,2293070.0,6166828.9991999995
2014-05-14,0.01,0.0,0.0,4,0,0,463953.0,2357181.0,6265000.9991999995
2014-05-15,0.15,0.0,0.0,5,0,0,492003.0,2521436.0,6251347.9991999995
2014-05-16,1.54,0.0,0.0,6,1,0,512919.0,2641760.0,6107347.0008000005
2014-05-17,0.0,0.0,0.0,7,1,0,503892.0,2755918.0,3823534.9992
2014-05-18,0.0,0.0,0.0,1,0,0,470960.0,2801923.0,3208390.9992
2014-05-19,0.0,0.0,0.0,2,0,0,450230.0,2400550.0,5915799.0
2014-05-20,0.0,0.0,0.0,3,0,0,469469.0,2418196.0,6241422.0
2014-05-21,0.0,0.0,0.0,4,0,0,481087.0,2487123.0,6298618.9991999995
2014-05-22,0.24,0.0,0.0,5,0,0,486253.0,2505397.0,6250783.0008000005
2014-05-23,0.91,0.0,0.0,6,1,0,492844.0,2603412.0,6001969.9991999995
2014-05-24,0.4,0.0,0.0,7,1,0,410849.0,2291193.0,3318058.9992
2014-05-25,0.0,0.0,0.0,1,0,0,375779.0,2188241.0,3007428.0
2014-05-26,0.0,0.0,0.0,2,0,1,333950.0,2132069.0,3038692.0008
2014-05-27,0.0,0.0,0.0,3,0,0,430551.0,2231836.0,5846746.9991999995
2014-05-28,0.0,0.0,0.0,4,0,0,469986.0,2348514.0,6123001.9991999995
2014-05-29,0.0,0.0,0.0,5,0,0,487092.0,2445044.0,6162220.9991999995
2014-05-30,0.0,0.0,0.0,6,1,0,501195.0,2529962.0,6186118.9991999995
2014-05-31,0.05,0.0,0.0,7,1,0,509216.0,2682192.0,3654996.0
2014-06-01,0.0,0.0,0.0,1,0,0,432193.0,2638443.0,3009183.0
2014-06-02,0.0,0.0,0.0,2,0,0,425560.0,2234065.0,5814394.9991999995
2014-06-03,0.12,0.0,0.0,3,0,0,460082.0,2233486.0,6057294.0
2014-06-04,0.0,0.0,0.0,4,0,0,479853.0,2349670.0,6088536.0
2014-06-05,0.87,0.0,0.0,5,0,0,498783.0,2506409.0,5832615.0
2014-06-06,0.0,0.0,0.0,6,1,0,492199.0,2540380.0,6153262.9991999995
2014-06-07,0.0,0.0,0.0,7,1,0,501395.0,2625466.0,3810423.0
2014-06-08,0.0,0.0,0.0,1,0,0,432005.0,2611632.0,3219717.0
2014-06-09,1.6,0.0,0.0,2,0,0,437547.0,2299183.0,5641897.0008000005
2014-06-10,0.0,0.0,0.0,3,0,0,461160.0,2248990.0,6061279.9991999995
2014-06-11,0.02,0.0,0.0,4,0,0,474619.0,2338326.0,6167041.9991999995
2014-06-12,0.07,0.0,0.0,5,0,0,496022.0,2516291.0,6158241.0
2014-06-13,1.28,0.0,0.0,6,1,0,493616.0,2493819.0,5964978.0
2014-06-14,0.0,0.0,0.0,7,1,0,484753.0,2573121.0,3624514.0008
2014-06-15,0.0,0.0,0.0,1,0,0,411848.0,2481401.0,2957616.0
2014-06-16,0.0,0.0,0.0,2,0,0,420686.0,2223957.0,5750619.0
2014-06-17,0.0,0.0,0.0,3,0,0,446836.0,2212925.0,6078844.9991999995
2014-06-18,0.0,0.0,0.0,4,0,0,469912.0,2327778.0,6119559.0
2014-06-19,0.15,0.0,0.0,5,0,0,484261.0,2470828.0,6069387.0
2014-06-20,0.0,0.0,0.0,6,1,0,482736.0,2507723.0,5971390.0008000005
2014-06-21,0.0,0.0,0.0,7,1,0,470535.0,2515884.0,3841278.0
2014-06-22,0.0,0.0,0.0,1,0,0,427796.0,2559470.0,3085987.0008
2014-06-23,0.0,0.0,0.0,2,0,0,410741.0,2204688.0,5687866.9991999995
2014-06-24,0.0,0.0,0.0,3,0,0,439399.0,2196952.0,5935449.0
2014-06-25,0.08,0.0,0.0,4,0,0,465418.0,2319530.0,6014050.9991999995
2014-06-26,0.07,0.0,0.0,5,0,0,483983.0,2530123.0,6082642.0008000005
2014-06-27,0.0,0.0,0.0,6,1,0,471372.0,2492570.0,5860708.0008000005
2014-06-28,0.0,0.0,0.0,7,1,0,469208.0,2532940.0,3710971.9992
2014-06-29,0.0,0.0,0.0,1,0,0,399945.0,2380823.0,3216439.0008
2014-06-30,0.0,0.0,0.0,2,0,0,407042.0,2118299.0,5541868.0008000005
2014-07-01,0.0,0.0,0.0,3,0,0,443286.0,2140716.0,5743729.0008000005
2014-07-02,0.96,0.0,0.0,4,0,0,436957.0,2095138.0,5815395.0
2014-07-03,1.78,0.0,0.0,5,0,0,414815.0,2141203.0,5435602.9991999995
2014-07-04,0.14,0.0,0.0,6,1,1,307728.0,1806643.0,2773675.0008
2014-07-05,0.0,0.0,0.0,7,1,0,306374.0,1770025.0,3148201.0008
2014-07-06,0.0,0.0,0.0,1,0,0,311432.0,1974221.0,2776366.9992
2014-07-07,0.04,0.0,0.0,2,0,0,376044.0,2025563.0,5415886.0008000005
2014-07-08,0.39,0.0,0.0,3,0,0,432495.0,2090366.0,5722615.0008000005
2014-07-09,0.09,0.0,0.0,4,0,0,446062.0,2191666.0,5802988.0008000005
2014-07-10,0.0,0.0,0.0,5,0,0,453448.0,2252162.0,5859979.9991999995
2014-07-11,0.0,0.0,0.0,6,1,0,455803.0,2314725.0,5743672.9991999995
2014-07-12,0.0,0.0,0.0,7,1,0,444387.0,2351505.0,3602908.9992
2014-07-13,0.03,0.0,0.0,1,0,0,407958.0,2342178.0,2850234.0
2014-07-14,0.46,0.0,0.0,2,0,0,413913.0,2115169.0,5458720.9991999995
2014-07-15,1.3,0.0,0.0,3,0,0,434142.0,2084812.0,5650143.0
2014-07-16,0.0,0.0,0.0,4,0,0,446644.0,2257153.0,5761147.9991999995
2014-07-17,0.0,0.0,0.0,5,0,0,454269.0,2334981.0,5960712.0
2014-07-18,0.0,0.0,0.0,6,1,0,457315.0,2365842.0,5738518.0008000005
2014-07-19,0.0,0.0,0.0,7,1,0,442525.0,2366672.0,3581551.0008
2014-07-20,0.0,0.0,0.0,1,0,0,396098.0,2345432.0,2975091.0
2014-07-21,0.0,0.0,0.0,2,0,0,396716.0,2104524.0,5486224.9991999995
2014-07-22,0.0,0.0,0.0,3,0,0,444685.0,2169230.0,5887831.9991999995
2014-07-23,0.19,0.0,0.0,4,0,0,463959.0,2273222.0,5912835.0
2014-07-24,0.0,0.0,0.0,5,0,0,458884.0,2355112.0,5896591.9991999995
2014-07-25,0.0,0.0,0.0,6,1,0,458482.0,2420682.0,5749234.9991999995
2014-07-26,0.0,0.0,0.0,7,1,0,445440.0,2407725.0,3592399.0008
2014-07-27,0.02,0.0,0.0,1,0,0,401529.0,2354415.0,2916849.0
2014-07-28,0.19,0.0,0.0,2,0,0,366529.0,1965791.0,5419555.0008000005
2014-07-29,0.0,0.0,0.0,3,0,0,420172.0,2116721.0,5716504.0008000005
2014-07-30,0.0,0.0,0.0,4,0,0,438941.0,2221784.0,5911356.0
2014-07-31,0.0,0.0,0.0,5,0,0,450682.0,2316997.0,5823598.9991999995
2014-08-01,0.0,0.0,0.0,6,1,0,450678.0,2347628.0,5681029.9991999995
2014-08-02,0.41,0.0,0.0,7,1,0,437502.0,2368952.0,3374385.0
2014-08-03,0.07,0.0,0.0,1,0,0,395405.0,2318688.0,2899090.0008
2014-08-04,0.0,0.0,0.0,2,0,0,390528.0,2093682.0,5463180.0
2014-08-05,0.0,0.0,0.0,3,0,0,419860.0,2113201.0,5709243.0
2014-08-06,0.0,0.0,0.0,4,0,0,437016.0,2197122.0,5771719.0008000005
2014-08-07,0.0,0.0,0.0,5,0,0,443964.0,2302430.0,5826019.0008000005
2014-08-08,0.0,0.0,0.0,6,1,0,443012.0,2318481.0,5643607.9991999995
2014-08-09,0.0,0.0,0.0,7,1,0,417593.0,2289208.0,3587113.0008
2014-08-10,0.0,0.0,0.0,1,0,0,369678.0,2227473.0,3003414.0
2014-08-11,0.0,0.0,0.0,2,0,0,375265.0,2030850.0,5325178.0008000005
2014-08-12,0.19,0.0,0.0,3,0,0,410962.0,2038262.0,5543281.9991999995
2014-08-13,0.53,0.0,0.0,4,0,0,431922.0,2154609.0,5509891.0008000005
2014-08-14,0.0,0.0,0.0,5,0,0,436664.0,2277787.0,5663854.9991999995
2014-08-15,0.0,0.0,0.0,6,1,0,441452.0,2342722.0,5487253.0008000005
2014-08-16,0.0,0.0,0.0,7,1,0,416736.0,2297908.0,3437167.0008
2014-08-17,0.01,0.0,0.0,1,0,0,377789.0,2272364.0,2815972.0008
2014-08-18,0.0,0.0,0.0,2,0,0,374323.0,2041128.0,5152582.9991999995
2014-08-19,0.0,0.0,0.0,3,0,0,403552.0,2036133.0,5438760.0
2014-08-20,0.0,0.0,0.0,4,0,0,419826.0,2146933.0,5549934.0
2014-08-21,0.35,0.0,0.0,5,0,0,439047.0,2273181.0,5533948.9991999995
2014-08-22,0.06,0.0,0.0,6,1,0,417200.0,2226998.0,5338611.0
2014-08-23,0.01,0.0,0.0,7,1,0,400056.0,2208864.0,3402328.0008
2014-08-24,0.0,0.0,0.0,1,0,0,361754.0,2221604.0,2926351.9992
2014-08-25,0.0,0.0,0.0,2,0,0,355773.0,1940601.0,5166321.0
2014-08-26,0.0,0.0,0.0,3,0,0,386986.0,1976225.0,5421922.0008000005
2014-08-27,0.0,0.0,0.0,4,0,0,413160.0,2098800.0,5542066.0008000005
2014-08-28,0.0,0.0,0.0,5,0,0,412200.0,2181669.0,5613552.0
2014-08-29,0.0,0.0,0.0,6,1,0,407919.0,2241639.0,5388168.0
2014-08-30,0.0,0.0,0.0,7,1,0,373997.0,2117192.0,3384774.0
2014-08-31,0.62,0.0,0.0,1,0,0,350232.0,2030975.0,2822218.0008
2014-09-01,0.0,0.0,0.0,2,0,1,317013.0,2016405.0,2811103.9992
2014-09-02,0.0,0.0,0.0,3,0,0,405993.0,2095263.0,5499808.0008000005
2014-09-03,0.0,0.0,0.0,4,0,0,438633.0,2163415.0,5880703.0008000005
2014-09-04,0.0,0.0,0.0,5,0,0,466651.0,2303311.0,6159426.0
2014-09-05,0.0,0.0,0.0,6,1,0,493894.0,2426825.0,6094465.0008000005
2014-09-06,0.11,0.0,0.0,7,1,0,500064.0,2527338.0,3502293.0
2014-09-07,0.0,0.0,0.0,1,0,0,443142.0,2510621.0,2962134.0
2014-09-08,0.0,0.0,0.0,2,0,0,427967.0,2216674.0,5944252.0008000005
2014-09-09,0.0,0.0,0.0,3,0,0,448211.0,2173187.0,6183846.0
2014-09-10,0.0,0.0,0.0,4,0,0,463758.0,2268825.0,6311890.0008000005
2014-09-11,0.0,0.0,0.0,5,0,0,475788.0,2301796.0,6237112.0008000005
2014-09-12,0.0,0.0,0.0,6,1,0,483917.0,2427940.0,6260032.0008000005
2014-09-13,0.26,0.0,0.0,7,1,0,510603.0,2561631.0,3463192.0008
2014-09-14,0.0,0.0,0.0,1,0,0,447968.0,2544120.0,2885158.9992
2014-09-15,0.0,0.0,0.0,2,0,0,419340.0,2148886.0,5948044.9991999995
2014-09-16,0.37,0.0,0.0,3,0,0,444936.0,2119791.0,6181050.0
2014-09-17,0.0,0.0,0.0,4,0,0,448541.0,2206310.0,6356332.0008000005
2014-09-18,0.0,0.0,0.0,5,0,0,461448.0,2346676.0,6387444.0
2014-09-19,0.0,0.0,0.0,6,1,0,485858.0,2495503.0,6332134.0008000005
2014-09-20,0.0,0.0,0.0,7,1,0,489564.0,2530424.0,3837592.0008
2014-09-21,0.15,0.0,0.0,1,0,0,399927.0,2407929.0,3206182.0008
2014-09-22,0.0,0.0,0.0,2,0,0,391161.0,2082399.0,6108520.0008000005
2014-09-23,0.0,0.0,0.0,3,0,0,398380.0,1973158.0,6345171.0
2014-09-24,0.0,0.0,0.0,4,0,0,414101.0,2050414.0,6250354.0008000005
2014-09-25,0.32,0.0,0.0,5,0,0,423866.0,2095042.0,5367078.0
2014-09-26,0.0,0.0,0.0,6,1,0,445636.0,2265309.0,5599921.9991999995
2014-09-27,0.0,0.0,0.0,7,1,0,483999.0,2519075.0,3703267.9992
2014-09-28,0.0,0.0,0.0,1,0,0,430997.0,2517599.0,3070753.9992
2014-09-29,0.0,0.0,0.0,2,0,0,397887.0,2086355.0,5901984.0
2014-09-30,0.0,0.0,0.0,3,0,0,432999.0,2074631.0,6147175.9991999995
2014-10-01,0.02,0.0,0.0,4,0,0,455408.0,2165594.0,6270451.9991999995
2014-10-02,0.0,0.0,0.0,5,0,0,464582.0,2296577.0,6317371.9991999995
2014-10-03,0.0,0.0,0.0,6,1,0,482410.0,2407467.0,6147924.0
2014-10-04,1.18,0.0,0.0,7,1,0,464703.0,2292533.0,3235864.9992
2014-10-05,0.0,0.0,0.0,1,0,0,413301.0,2371282.0,3056002.0008
2014-10-06,0.0,0.0,0.0,2,0,0,407082.0,2101800.0,5961960.0
2014-10-07,0.06,0.0,0.0,3,0,0,434549.0,2076465.0,6256290.0
2014-10-08,0.04,0.0,0.0,4,0,0,453417.0,2223675.0,6336405.0
2014-10-09,0.0,0.0,0.0,5,0,0,474558.0,2389180.0,6284115.0
2014-10-10,0.0,0.0,0.0,6,1,0,487017.0,2531129.0,6206590.9991999995
2014-10-11,0.33,0.0,0.0,7,1,0,506502.0,2576152.0,3554818.9992
2014-10-12,0.0,0.0,0.0,1,0,0,434824.0,2542090.0,3156481.0008
2014-10-13,0.05,0.0,0.0,2,0,1,386788.0,2123797.0,4536862.0008000005
2014-10-14,0.0,0.0,0.0,3,0,0,428845.0,2169474.0,6164383.0008000005
2014-10-15,0.69,0.0,0.0,4,0,0,453888.0,2225727.0,6285048.0
2014-10-16,1.11,0.0,0.0,5,0,0,478908.0,2383429.0,6120036.0
2014-10-17,0.0,0.0,0.0,6,1,0,489477.0,2527953.0,3787743.0
2014-10-18,0.0,0.0,0.0,7,1,0,510766.0,2618853.0,6141205.9991999995
2014-10-19,0.0,0.0,0.0,1,0,0,458920.0,2607683.0,3051655.9992
2014-10-20,0.0,0.0,0.0,2,0,0,413976.0,2166661.0,5935669.9991999995
2014-10-21,0.11,0.0,0.0,3,0,0,442915.0,2136944.0,6208521.0
2014-10-22,1.51,0.0,0.0,4,0,0,459021.0,2167536.0,6186472.9991999995
2014-10-23,0.61,0.0,0.0,5,0,0,468996.0,2340476.0,6302394.0
2014-10-24,0.0,0.0,0.0,6,1,0,489157.0,2522403.0,6280114.0008000005
2014-10-25,0.01,0.0,0.0,7,1,0,498144.0,2543041.0,3748728.0
2014-10-26,0.0,0.0,0.0,1,0,0,438274.0,2522106.0,2989200.0
2014-10-27,0.0,0.0,0.0,2,0,0,409350.0,2102535.0,5947044.0
2014-10-28,0.0,0.0,0.0,3,0,0,432127.0,2088284.0,6274137.0
2014-10-29,0.0,0.0,0.0,4,0,0,451469.0,2170670.0,6355461.0
2014-10-30,0.0,0.0,0.0,5,0,0,466654.0,2328812.0,6435651.0
2014-10-31,0.05,0.0,0.0,6,1,0,491385.0,2426827.0,6288409.9991999995
2014-11-01,0.35,0.0,0.0,7,1,0,558309.0,2772392.0,3616990.9992
2014-11-02,0.0,0.0,0.0,1,0,0,432901.0,2392327.0,3216957.0
2014-11-03,0.0,0.0,0.0,2,0,0,409908.0,2133636.0,6087747.0
2014-11-04,0.0,0.0,0.0,3,0,0,422121.0,2059068.0,5819563.0008000005
2014-11-05,0.0,0.0,0.0,4,0,0,446266.0,2160347.0,6346096.0008000005
2014-11-06,0.37,0.0,0.0,5,0,0,467356.0,2275721.0,6236512.9991999995
2014-11-07,0.0,0.0,0.0,6,1,0,483571.0,2446398.0,6373257.0
2014-11-08,0.0,0.0,0.0,7,1,0,512638.0,2530325.0,3718737.0
2014-11-09,0.0,0.0,0.0,1,0,0,442961.0,2471560.0,2891137.0008
2014-11-10,0.0,0.0,0.0,2,0,0,404781.0,2049665.0,5996173.0008000005
2014-11-11,0.0,0.0,0.0,3,0,1,399599.0,1981465.0,5426461.9991999995
2014-11-12,0.0,0.0,0.0,4,0,0,442006.0,2119190.0,6308479.0008000005
2014-11-13,0.2,0.0,0.0,5,0,0,461238.0,2220230.0,6350062.9991999995
2014-11-14,0.06,0.0,0.0,6,1,0,488509.0,2390465.0,6255888.0
2014-11-15,0.0,0.0,0.0,7,1,0,505067.0,2476354.0,3676717.0008
2014-11-16,0.03,0.0,0.0,1,0,0,438900.0,2438285.0,2799336.0
2014-11-17,1.54,0.0,0.0,2,0,0,399814.0,1959472.0,5794506.0
2014-11-18,0.0,0.0,0.0,3,0,0,453612.0,2101912.0,6203014.9991999995
2014-11-19,0.0,0.0,0.0,4,0,0,455683.0,2136141.0,6275806.0008000005
2014-11-20,0.0,0.0,0.0,5,0,0,455246.0,2233115.0,6335674.0008000005
2014-11-21,0.0,0.0,0.0,6,1,0,492018.0,2404002.0,6279169.9991999995
2014-11-22,0.0,0.0,0.0,7,1,0,512902.0,2496842.0,3676524.0
2014-11-23,0.0,0.0,0.0,1,0,0,423227.0,2282945.0,2887287.0
2014-11-24,0.7,0.0,0.0,2,0,0,396283.0,1876876.0,5981302.9991999995
2014-11-25,0.0,0.0,0.0,3,0,0,406619.0,1980565.0,6289429.9991999995
2014-11-26,1.24,0.0,0.2,4,0,0,422702.0,1976672.0,5573518.0008000005
2014-11-27,0.02,0.0,0.0,5,0,0,294524.0,1656803.0,2415007.0008
2014-11-28,0.0,0.0,0.0,6,1,0,345754.0,1644113.0,3835317.0
2014-11-29,0.0,0.0,0.0,7,1,0,393002.0,2098420.0,3114214.0008
2014-11-30,0.0,0.0,0.0,1,0,0,367589.0,2223206.0,2676346.0008
2014-12-01,0.09,0.0,0.0,2,0,0,396471.0,2124808.0,5972137.0008000005
2014-12-02,0.08,0.0,0.0,3,0,0,438116.0,2080859.0,6157980.0
2014-12-03,0.06,0.0,0.0,4,0,0,435577.0,2105639.0,6333420.0
2014-12-04,0.0,0.0,0.0,5,0,0,455604.0,2275121.0,6427123.0008000005
2014-12-05,0.51,0.0,0.0,6,1,0,492915.0,2408399.0,6366060.0
2014-12-06,1.22,0.0,0.0,7,1,0,506013.0,2406516.0,3580672.9992
2014-12-07,0.04,0.0,0.0,1,0,0,457889.0,2471932.0,3032260.9992
2014-12-08,0.0,0.0,0.0,2,0,0,428277.0,2114081.0,6036564.0
2014-12-09,2.54,0.0,0.0,3,0,0,434454.0,2002143.0,5805766.0008000005
2014-12-10,0.08,0.0,1.0,4,0,0,444410.0,2126659.0,6297090.0
2014-12-11,0.01,1.2,0.0,5,0,0,466618.0,2382419.0,6387331.0008000005
2014-12-12,0.0,0.0,0.0,6,1,0,493664.0,2503398.0,6358771.0008000005
2014-12-13,0.0,0.0,0.0,7,1,0,497873.0,2455922.0,4061332.0008
2014-12-14,0.0,0.0,0.0,1,0,0,438364.0,2420532.0,3107397.0
2014-12-15,0.0,0.0,0.0,2,0,0,407900.0,2050275.0,6067098.0
2014-12-16,0.2,0.0,0.0,3,0,0,437039.0,2061032.0,6237693.0
2014-12-17,0.02,0.0,0.0,4,0,0,453737.0,2185290.0,6324595.0008000005
2014-12-18,0.0,0.0,0.0,5,0,0,479420.0,2373897.0,6361057.0008000005
2014-12-19,0.0,0.0,0.0,6,1,0,505768.0,2534432.0,6323209.0008000005
2014-12-20,0.0,0.0,0.0,7,1,0,491215.0,2495081.0,3847881.0
2014-12-21,0.0,0.0,0.0,1,0,0,417230.0,2229883.0,3080055.0
2014-12-22,0.04,0.0,0.0,2,0,0,379637.0,1849707.0,5757049.0008000005
2014-12-23,0.16,0.0,0.0,3,0,0,381907.0,1859673.0,5688625.0008000005
2014-12-24,0.8,0.0,0.0,4,0,0,346224.0,1657116.0,4189669.9992
2014-12-25,0.09,0.0,0.0,5,0,1,209058.0,1249978.0,1985217.0
2014-12-26,0.0,0.0,0.0,6,1,0,276876.0,1535565.0,3975538.9992
2014-12-27,0.0,0.0,0.0,7,1,0,321554.0,1854183.0,3429639.0
2014-12-28,0.1,0.0,0.0,1,0,0,321802.0,1970156.0,2797111.0008
2014-12-29,0.0,0.0,0.0,2,0,0,337412.0,1836809.0,5073883.9991999995
2014-12-30,0.0,0.0,0.0,3,0,0,375391.0,1940227.0,5265960.0
2014-12-31,0.0,0.0,0.0,4,0,0,402747.0,1947323.0,4769017.0008000005
2015-01-01,0.0,0.0,0.0,5,0,1,379100.0,2261719.0,2684399.1311999997
2015-01-02,0.0,0.0,0.0,6,1,0,343173.0,1829224.0,4492607.272799999
2015-01-03,0.71,0.0,0.0,7,1,0,404471.0,2066186.0,3054589.0992
2015-01-04,0.3,0.0,0.0,1,0,0,326607.0,1898871.0,2467239.2856
2015-01-05,0.0,0.0,0.0,2,0,0,360755.0,1850474.0,5662639.4064
2015-01-06,0.05,0.0,1.0,3,0,0,381827.0,1744011.0,5610902.7912
2015-01-07,0.0,1.2,0.0,4,0,0,426930.0,1881647.0,5659376.9376
2015-01-08,0.0,0.0,0.0,5,0,0,447938.0,2001442.0,5467732.7664
2015-01-09,0.07,0.0,1.5,6,1,0,445043.0,2037584.0,5694953.82
2015-01-10,0.0,1.2,0.0,7,1,0,512262.0,2355782.0,3129056.6784
2015-01-11,0.0,1.2,0.0,1,0,0,416736.0,2180604.0,2465044.7592
2015-01-12,0.36,0.0,0.0,2,0,0,393700.0,1830689.0,5188543.5888
2015-01-13,0.0,0.0,0.0,3,0,0,445627.0,1979988.0,5877708.612
2015-01-14,0.0,0.0,0.0,4,0,0,439325.0,2010558.0,5839811.0688
2015-01-15,0.0,0.0,0.0,5,0,0,447794.0,2105772.0,5898491.6592
2015-01-16,0.0,0.0,0.0,6,1,0,474746.0,2248309.0,5550767.6088000005
2015-01-17,0.0,0.0,0.0,7,1,0,473643.0,2216366.0,3204552.3192
2015-01-18,2.1,0.0,0.0,1,0,0,424148.0,2109689.0,2223383.1348
2015-01-19,0.0,0.0,0.0,2,0,1,340427.0,1800462.0,3549279.1607999997
2015-01-20,0.0,0.0,0.0,3,0,0,402648.0,1869083.0,5775658.1016
2015-01-21,0.0,0.0,0.0,4,0,0,428722.0,1918396.0,5818624.1448
2015-01-22,0.0,0.0,0.0,5,0,0,449256.0,2062697.0,5907439.8624
2015-01-23,0.0,0.0,0.0,6,1,0,469152.0,2152990.0,5862372.4728
2015-01-24,0.72,3.1,3.6,7,1,0,457587.0,2099797.0,2981416.3032
2015-01-25,0.0,2.0,0.0,1,0,0,404678.0,2102680.0,2624641.62
2015-01-26,0.48,2.0,5.5,2,0,0,228412.0,1001606.0,5101331.0232
2015-01-27,0.36,7.9,4.3,3,0,0,134829.0,517359.0,1272638.22312
2015-01-28,0.0,7.9,0.0,4,0,0,377698.0,1730397.0,5675539.2072
2015-01-29,0.02,5.9,0.0,5,0,0,429099.0,1973046.0,5974889.181600001
2015-01-30,0.06,7.1,1.0,6,1,0,480210.0,2158268.0,5878795.9248
2015-01-31,0.0,7.1,0.0,7,1,0,516690.0,2330539.0,3187381.3055999996
2015-02-01,0.03,5.9,0.3,1,0,0,420126.0,2145630.0,2538473.6664
2015-02-02,1.02,7.1,5.0,2,0,0,334664.0,1544158.0,5091514.3992
2015-02-03,0.0,7.9,0.0,3,0,0,418063.0,1976322.0,5910383.256
2015-02-04,0.0,7.9,0.0,4,0,0,412773.0,1886778.0,6094866.744
2015-02-05,0.0,7.9,0.0,5,0,0,456504.0,2082194.0,6113604.7128
2015-02-06,0.0,7.9,0.0,6,1,0,473745.0,2162208.0,5905842.5568
2015-02-07,0.02,7.9,0.0,7,1,0,482401.0,2223290.0,3278345.6711999997
2015-02-08,0.0,7.9,0.0,1,0,0,407587.0,2129817.0,2564639.712
2015-02-09,0.09,7.9,0.0,2,0,0,378710.0,1701613.0,5578407.12
2015-02-10,0.01,7.9,0.1,3,0,0,421810.0,1914831.0,6023873.4408
2015-02-11,0.0,7.9,0.0,4,0,0,444170.0,2025418.0,6163878.9336
2015-02-12,0.0,7.9,0.0,5,0,0,460456.0,2185740.0,5932564.704000001
2015-02-13,0.0,7.9,0.0,6,1,0,482551.0,2365720.0,5946239.584799999
2015-02-14,0.02,7.9,0.9,7,1,0,498113.0,2395678.0,3316346.7144
2015-02-15,0.0,9.1,0.0,1,0,0,455981.0,2247574.0,2437059.06
2015-02-16,0.0,9.1,0.0,2,0,1,409811.0,2117479.0,3158518.308
2015-02-17,0.14,11.8,3.3,3,0,0,391637.0,1937121.0,5476476.1368
2015-02-18,0.0,9.1,0.0,4,0,0,433710.0,2044881.0,5732432.7288
2015-02-19,0.0,9.1,0.0,5,0,0,474319.0,2180005.0,5585410.6632
2015-02-20,0.0,9.1,0.0,6,1,0,495445.0,2281899.0,5349063.7248
2015-02-21,0.61,9.1,3.0,7,1,0,452329.0,2122874.0,3099212.6088
2015-02-22,0.1,13.0,1.0,1,0,0,396210.0,2176572.0,2549140.9128
2015-02-23,0.0,11.8,0.0,2,0,0,429017.0,2086883.0,5708667.033600001
2015-02-24,0.0,11.8,0.0,3,0,0,445460.0,2003710.0,5989244.5608
2015-02-25,0.0,11.8,0.0,4,0,0,441332.0,2066502.0,6043647.6384000005
2015-02-26,0.0,11.0,0.0,5,0,0,468516.0,2208176.0,6097901.0688
2015-02-27,0.0,11.0,0.0,6,1,0,483674.0,2296536.0,6020953.0944
2015-02-28,0.0,11.0,0.0,7,1,0,496374.0,2362822.0,3379213.7424000003
2015-03-01,0.52,9.8,4.8,1,0,0,382395.0,2041226.0,2523168.9455999997
2015-03-02,0.0,15.0,0.0,2,0,0,385777.0,2001335.0,5698542.2544
2015-03-03,0.67,14.2,1.8,3,0,0,395033.0,1803944.0,6179703.0024
2015-03-04,0.25,13.0,0.0,4,0,0,432926.0,2012609.0,6047080.3248
2015-03-05,0.76,13.0,7.5,5,0,0,363663.0,1615122.0,5408187.6048
2015-03-06,0.0,18.9,0.0,6,1,0,443477.0,2268388.0,5961720.9216
2015-03-07,0.0,18.1,0.0,7,1,0,500926.0,2454421.0,3509505.9528
2015-03-08,0.0,16.1,0.0,1,0,0,408800.0,2261217.0,2657667.5952
2015-03-09,0.01,13.0,0.0,2,0,0,389199.0,1944282.0,5840646.0264
2015-03-10,0.46,11.0,0.0,3,0,0,410900.0,1942673.0,6189793.051200001
2015-03-11,0.01,5.9,0.0,4,0,0,425152.0,2035922.0,6207124.8288
2015-03-12,0.0,3.9,0.0,5,0,0,458152.0,2229713.0,6236137.4904000005
2015-03-13,0.0,2.0,0.0,6,1,0,473322.0,2318246.0,6143290.7184
2015-03-14,0.81,1.2,0.0,7,1,0,493252.0,2381018.0,3341899.8816
2015-03-15,0.0,0.0,0.0,1,0,0,415890.0,2234688.0,2898353.2296
2015-03-16,0.0,0.0,0.0,2,0,0,372038.0,1948308.0,5754053.6712
2015-03-17,0.02,0.0,0.0,3,0,0,410216.0,1951679.0,6078839.272799999
2015-03-18,0.0,0.0,0.0,4,0,0,449880.0,2140260.0,6050598.9168
2015-03-19,0.0,0.0,0.0,5,0,0,448826.0,2191953.0,6054543.3744
2015-03-20,0.4,0.0,4.5,6,1,0,454949.0,2152050.0,5861107.4328000005
2015-03-21,0.0,5.1,0.0,7,1,0,464974.0,2336883.0,3436441.1328
2015-03-22,0.0,0.0,0.0,1,0,0,425943.0,2365026.0,2832388.1616
2015-03-23,0.0,0.0,0.0,2,0,0,387520.0,1973402.0,5646125.256
2015-03-24,0.0,0.0,0.0,3,0,0,409280.0,1958929.0,5995722.7151999995
2015-03-25,0.05,0.0,0.0,4,0,0,424081.0,2026905.0,6105781.26
2015-03-26,0.32,0.0,0.0,5,0,0,424170.0,2072402.0,6041000.424
2015-03-27,0.27,0.0,0.0,6,1,0,462198.0,2300414.0,6080073.1416
2015-03-28,0.0,0.0,0.0,7,1,0,506966.0,2466751.0,3543645.24
2015-03-29,0.0,0.0,0.0,1,0,0,421185.0,2326138.0,2862458.208
2015-03-30,0.0,0.0,0.0,2,0,0,388226.0,1965639.0,5759111.6184
2015-03-31,0.17,0.0,0.0,3,0,0,427041.0,2008735.0,6146133.4944
2015-04-01,0.0,0.0,0.0,4,0,0,437175.0,2098681.0,6231813.516
2015-04-02,0.0,0.0,0.0,5,0,0,440978.0,2203649.0,6261922.596
2015-04-03,0.04,0.0,0.0,6,1,0,440997.0,2231695.0,5026962.888
2015-04-04,0.01,0.0,0.0,7,1,0,437415.0,2153333.0,3468130.6536000003
2015-04-05,0.0,0.0,0.0,1,0,0,374885.0,2158087.0,2731806.5712
2015-04-06,0.0,0.0,0.0,2,0,0,372990.0,1986705.0,5376096.9672
2015-04-07,0.15,0.0,0.0,3,0,0,422866.0,1999502.0,5614011.021600001
2015-04-08,0.0,0.0,0.0,4,0,0,440497.0,2100096.0,5624310.0768
2015-04-09,0.0,0.0,0.0,5,0,0,457476.0,2215872.0,5677609.104
2015-04-10,0.17,0.0,0.0,6,1,0,464825.0,2286349.0,5547002.8944
2015-04-11,0.0,0.0,0.0,7,1,0,470474.0,2381767.0,3716292.0624
2015-04-12,0.0,0.0,0.0,1,0,0,404371.0,2320155.0,2974882.6176
2015-04-13,0.0,0.0,0.0,2,0,0,374362.0,1958831.0,5830568.1768
2015-04-14,0.01,0.0,0.0,3,0,0,409093.0,1980975.0,6053272.8384
2015-04-15,0.0,0.0,0.0,4,0,0,424228.0,2098816.0,6186055.1376
2015-04-16,0.0,0.0,0.0,5,0,0,448846.0,2229980.0,6193907.8488
2015-04-17,0.08,0.0,0.0,6,1,0,466015.0,2322821.0,6048274.9896
2015-04-18,0.0,0.0,0.0,7,1,0,497531.0,2536381.0,3742627.5360000003
2015-04-19,0.0,0.0,0.0,1,0,0,442659.0,2508825.0,2940891.4847999997
2015-04-20,1.37,0.0,0.0,2,0,0,394583.0,1907124.0,5517402.4248
2015-04-21,0.2,0.0,0.0,3,0,0,423475.0,2103033.0,6096093.8304
2015-04-22,0.05,0.0,0.0,4,0,0,429630.0,2073184.0,6172642.2743999995
2015-04-23,0.0,0.0,0.0,5,0,0,460437.0,2265174.0,6225893.9592
2015-04-24,0.0,0.0,0.0,6,1,0,470697.0,2346789.0,6142891.416
2015-04-25,0.0,0.0,0.0,7,1,0,486147.0,2439203.0,3688823.0423999997
2015-04-26,0.0,0.0,0.0,1,0,0,421505.0,2420207.0,2929179.8808
2015-04-27,0.0,0.0,0.0,2,0,0,390950.0,2003734.0,5844360.4656
2015-04-28,0.0,0.0,0.0,3,0,0,409228.0,1974127.0,6122418.3288
2015-04-29,0.0,0.0,0.0,4,0,0,424720.0,2084785.0,6247211.6184
2015-04-30,0.0,0.0,0.0,5,0,0,443170.0,2243344.0,6226349.9472
2015-05-01,0.0,0.0,0.0,6,1,0,458412.0,2325795.0,6385934.193599999
2015-05-02,0.0,0.0,0.0,7,1,0,504419.0,2526099.0,3709939.5719999997
2015-05-03,0.0,0.0,0.0,1,0,0,431709.0,2531199.0,3025445.8968
2015-05-04,0.0,0.0,0.0,2,0,0,387699.0,2049832.0,5887104.2616
2015-05-05,0.0,0.0,0.0,3,0,0,429913.0,2099611.0,6131244.9888
2015-05-06,0.0,0.0,0.0,4,0,0,442414.0,2177060.0,6150725.9112
2015-05-07,0.0,0.0,0.0,5,0,0,439361.0,2244891.0,6206324.9207999995
2015-05-08,0.0,0.0,0.0,6,1,0,446090.0,2270029.0,6136378.1016
2015-05-09,0.0,0.0,0.0,7,1,0,466144.0,2372241.0,3614560.9896
2015-05-10,0.0,0.0,0.0,1,0,0,402589.0,2322689.0,2840260.7952
2015-05-11,0.0,0.0,0.0,2,0,0,392980.0,2068137.0,5761830.9408
2015-05-12,0.0,0.0,0.0,3,0,0,421904.0,2105669.0,6132112.3872
2015-05-13,0.0,0.0,0.0,4,0,0,436579.0,2222766.0,6211123.2768
2015-05-14,0.0,0.0,0.0,5,0,0,437021.0,2314929.0,6290743.7688
2015-05-15,0.0,0.0,0.0,6,1,0,454318.0,2420395.0,6190314.4103999995
2015-05-16,0.3,0.0,0.0,7,1,0,476361.0,2534991.0,3735921.336
2015-05-17,0.02,0.0,0.0,1,0,0,420156.0,2498308.0,3031085.9616
2015-05-18,0.0,0.0,0.0,2,0,0,401089.0,2121487.0,5930911.7976
2015-05-19,0.0,0.0,0.0,3,0,0,430268.0,2222422.0,6149190.5856
2015-05-20,0.0,0.0,0.0,4,0,0,438489.0,2263573.0,6327436.953600001
2015-05-21,0.0,0.0,0.0,5,0,0,443990.0,2286698.0,6237721.5
2015-05-22,0.0,0.0,0.0,6,1,0,416821.0,2206797.0,5906452.3416
2015-05-23,0.0,0.0,0.0,7,1,0,380966.0,2079964.0,3469815.3335999995
2015-05-24,0.0,0.0,0.0,1,0,0,334374.0,1917764.0,2923829.3616
2015-05-25,0.0,0.0,0.0,2,0,1,299659.0,1904772.0,2891333.6448
2015-05-26,0.0,0.0,0.0,3,0,0,384751.0,2010277.0,5830904.0904
2015-05-27,0.08,0.0,0.0,4,0,0,413326.0,2007152.0,6122267.1864
2015-05-28,0.0,0.0,0.0,5,0,0,429496.0,2151816.0,6065658.7128
2015-05-29,0.0,0.0,0.0,6,1,0,438558.0,2228714.0,6097949.388
2015-05-30,0.0,0.0,0.0,7,1,0,448359.0,2340682.0,3665294.6111999997
2015-05-31,1.46,0.0,0.0,1,0,0,365472.0,2132536.0,2903693.8367999997
2015-06-01,0.72,0.0,0.0,2,0,0,398126.0,2077260.0,5659159.08
2015-06-02,0.37,0.0,0.0,3,0,0,417471.0,2038503.0,5970521.0568
2015-06-03,0.0,0.0,0.0,4,0,0,423220.0,2082289.0,6244855.476
2015-06-04,0.0,0.0,0.0,5,0,0,441465.0,2239081.0,6078601.7976
2015-06-05,0.13,0.0,0.0,6,1,0,448230.0,2280362.0,6101428.6584
2015-06-06,0.19,0.0,0.0,7,1,0,447061.0,2319152.0,3614267.7408000003
2015-06-07,0.0,0.0,0.0,1,0,0,399284.0,2358056.0,3095259.0840000003
2015-06-08,0.06,0.0,0.0,2,0,0,388764.0,2054070.0,5778637.14
2015-06-09,0.01,0.0,0.0,3,0,0,406664.0,1997425.0,6084869.0136
2015-06-10,0.0,0.0,0.0,4,0,0,421869.0,2103065.0,6294251.2752
2015-06-11,0.0,0.0,0.0,5,0,0,437195.0,2183382.0,6236242.944
2015-06-12,0.0,0.0,0.0,6,1,0,440368.0,2227218.0,6258837.1896
2015-06-13,0.0,0.0,0.0,7,1,0,425311.0,2215277.0,3722008.8288000003
2015-06-14,0.36,0.0,0.0,1,0,0,379295.0,2218902.0,3136603.1015999997
2015-06-15,0.57,0.0,0.0,2,0,0,372665.0,1973778.0,5744453.9688
2015-06-16,0.27,0.0,0.0,3,0,0,398303.0,1989319.0,5981060.5248
2015-06-17,0.0,0.0,0.0,4,0,0,423168.0,2121152.0,6188509.9103999995
2015-06-18,0.0,0.0,0.0,5,0,0,426859.0,2163308.0,6074489.8608
2015-06-19,0.0,0.0,0.0,6,1,0,433562.0,2237543.0,5986554.347999999
2015-06-20,0.0,0.0,0.0,7,1,0,411508.0,2142092.0,3581711.0760000004
2015-06-21,0.64,0.0,0.0,1,0,0,363655.0,2139340.0,2835136.6728
2015-06-22,0.0,0.0,0.0,2,0,0,372572.0,1995257.0,5768654.8992
2015-06-23,0.02,0.0,0.0,3,0,0,403818.0,1927883.0,5917709.4432
2015-06-24,0.0,0.0,0.0,4,0,0,408897.0,2068529.0,6064367.8152
2015-06-25,0.0,0.0,0.0,5,0,0,417152.0,2127182.0,6078616.9224
2015-06-26,0.0,0.0,0.0,6,1,0,422911.0,2185523.0,5970038.296800001
2015-06-27,1.12,0.0,0.0,7,1,0,442917.0,2273259.0,3540547.3152
2015-06-28,0.29,0.0,0.0,1,0,0,345887.0,2035558.0,2960096.0568
2015-06-29,0.0,0.0,0.0,2,0,0,357449.0,1885371.0,5529907.7447999995
2015-06-30,0.04,0.0,0.0,3,0,0,371993.0,1826600.0,5827701.1752
2015-07-01,0.39,0.0,0.0,4,0,0,387687.0,1934105.0,5797247.5296
2015-07-02,0.0,0.0,0.0,5,0,0,363633.0,1855093.0,5712255.456
2015-07-03,0.0,0.0,0.0,6,1,1,302194.0,1639890.0,3822825.8808
2015-07-04,0.0,0.0,0.0,7,1,0,252743.0,1441083.0,2795746.9104
2015-07-05,0.0,0.0,0.0,1,0,0,273645.0,1749376.0,2755667.2296
2015-07-06,0.0,0.0,0.0,2,0,0,313485.0,1747980.0,5315654.5008000005
2015-07-07,0.12,0.0,0.0,3,0,0,365458.0,1812807.0,5695115.1456
2015-07-08,0.0,0.0,0.0,4,0,0,390948.0,1900820.0,5837077.6464
2015-07-09,0.3,0.0,0.0,5,0,0,403283.0,1977341.0,5820306.703199999
2015-07-10,0.0,0.0,0.0,6,1,0,398472.0,2043268.0,5646529.6032
2015-07-11,0.0,0.0,0.0,7,1,0,404636.0,2118311.0,3493386.132
2015-07-12,0.0,0.0,0.0,1,0,0,361803.0,2135848.0,2870796.4751999998
2015-07-13,0.0,0.0,0.0,2,0,0,347917.0,1847173.0,5511501.9528
2015-07-14,0.42,0.0,0.0,3,0,0,383309.0,1884081.0,5723622.384
2015-07-15,0.12,0.0,0.0,4,0,0,402385.0,2005675.0,5736855.259199999
2015-07-16,0.0,0.0,0.0,5,0,0,397443.0,2066003.0,5970717.4103999995
2015-07-17,0.0,0.0,0.0,6,1,0,362328.0,1940433.0,5700913.648800001
2015-07-18,0.32,0.0,0.0,7,1,0,401422.0,2113298.0,3380019.0432
2015-07-19,0.0,0.0,0.0,1,0,0,392938.0,2252639.0,2846769.108
2015-07-20,0.0,0.0,0.0,2,0,0,371998.0,1979095.0,5453913.108
2015-07-21,0.0,0.0,0.0,3,0,0,372736.0,1854834.0,5807722.212
2015-07-22,0.0,0.0,0.0,4,0,0,389665.0,1988848.0,5937837.192
2015-07-23,0.0,0.0,0.0,5,0,0,401727.0,2065993.0,6013007.9352
2015-07-24,0.0,0.0,0.0,6,1,0,401220.0,2094247.0,5641338.9503999995
2015-07-25,0.0,0.0,0.0,7,1,0,384577.0,2079763.0,3467607.8615999995
2015-07-26,0.0,0.0,0.0,1,0,0,347264.0,2055831.0,2845189.9152
2015-07-27,0.36,0.0,0.0,2,0,0,346615.0,1852939.0,5501951.8608
2015-07-28,0.0,0.0,0.0,3,0,0,382030.0,1894146.0,5770722.2472
2015-07-29,0.0,0.0,0.0,4,0,0,403523.0,1981709.0,5818564.788
2015-07-30,1.95,0.0,0.0,5,0,0,388463.0,1956813.0,5718526.3488
2015-07-31,0.0,0.0,0.0,6,1,0,394102.0,2107832.0,5610094.4592
2015-08-01,0.0,0.0,0.0,7,1,0,387251.0,2115869.0,3466707.9072
2015-08-02,0.0,0.0,0.0,1,0,0,346199.0,2074450.0,2868110.8848
2015-08-03,0.0,0.0,0.0,2,0,0,346576.0,1857740.0,5443797.8256
2015-08-04,0.43,0.0,0.0,3,0,0,374192.0,1880283.0,5732143.1376
2015-08-05,0.0,0.0,0.0,4,0,0,389175.0,1974604.0,5858609.5872
2015-08-06,0.0,0.0,0.0,5,0,0,388510.0,2011618.0,5836527.2064
2015-08-07,0.0,0.0,0.0,6,1,0,384361.0,2030993.0,5630554.836
2015-08-08,0.0,0.0,0.0,7,1,0,361107.0,1969873.0,3497330.1768
2015-08-09,0.0,0.0,0.0,1,0,0,315338.0,1945011.0,2937823.1544
2015-08-10,0.0,0.0,0.0,2,0,0,318872.0,1757085.0,5358967.5696
2015-08-11,1.17,0.0,0.0,3,0,0,355103.0,1768746.0,5347830.2832
2015-08-12,0.0,0.0,0.0,4,0,0,367851.0,1896134.0,5695926.4656
2015-08-13,0.0,0.0,0.0,5,0,0,378405.0,1954397.0,5754146.6472
2015-08-14,0.0,0.0,0.0,6,1,0,375158.0,1976453.0,5509864.128
2015-08-15,0.0,0.0,0.0,7,1,0,367802.0,2006276.0,3404564.8272
2015-08-16,0.0,0.0,0.0,1,0,0,332945.0,1997427.0,2759223.8136
2015-08-17,0.0,0.0,0.0,2,0,0,336143.0,1798880.0,5180152.0872
2015-08-18,0.29,0.0,0.0,3,0,0,368327.0,1858996.0,5432309.9496
2015-08-19,0.0,0.0,0.0,4,0,0,378035.0,1918272.0,5535405.696
2015-08-20,0.01,0.0,0.0,5,0,0,385900.0,1966529.0,5484288.0912
2015-08-21,0.32,0.0,0.0,6,1,0,378488.0,2052743.0,5306901.5088
2015-08-22,0.0,0.0,0.0,7,1,0,354979.0,1946198.0,3352181.3279999997
2015-08-23,0.0,0.0,0.0,1,0,0,313944.0,1943357.0,2751864.336
2015-08-24,0.0,0.0,0.0,2,0,0,315494.0,1730324.0,5110787.82
2015-08-25,0.0,0.0,0.0,3,0,0,344876.0,1755786.0,5391203.6832
2015-08-26,0.0,0.0,0.0,4,0,0,354206.0,1809427.0,5475893.4648
2015-08-27,0.0,0.0,0.0,5,0,0,365939.0,1907723.0,5524396.3872
2015-08-28,0.0,0.0,0.0,6,1,0,364793.0,1944463.0,5387629.3440000005
2015-08-29,0.0,0.0,0.0,7,1,0,356736.0,1934612.0,3339438.7224000003
2015-08-30,0.13,0.0,0.0,1,0,0,330291.0,1955591.0,2723341.2648
2015-08-31,0.0,0.0,0.0,2,0,0,320307.0,1716662.0,5211738.9120000005
2015-09-01,0.0,0.0,0.0,3,0,0,350628.0,1773299.0,5585532.3984
2015-09-02,0.0,0.0,0.0,4,0,0,366080.0,1835064.0,5652168.256800001
2015-09-03,0.0,0.0,0.0,5,0,0,375786.0,1941138.0,5700489.4991999995
2015-09-04,0.0,0.0,0.0,6,1,0,359786.0,1962423.0,5402394.264
2015-09-05,0.0,0.0,0.0,7,1,0,329515.0,1845203.0,3343509.8376
2015-09-06,0.0,0.0,0.0,1,0,0,298878.0,1747726.0,2879995.5288
2015-09-07,0.0,0.0,0.0,2,0,1,282327.0,1842311.0,2881305.0648
2015-09-08,0.0,0.0,0.0,3,0,0,372369.0,1944308.0,5659175.0112
2015-09-09,0.0,0.0,0.0,4,0,0,394061.0,1954413.0,6076614.1632
2015-09-10,1.58,0.0,0.0,5,0,0,398565.0,1986939.0,6343398.720000001
2015-09-11,0.0,0.0,0.0,6,1,0,408810.0,2119750.0,6165143.2944
2015-09-12,0.29,0.0,0.0,7,1,0,430964.0,2195129.0,3552991.4831999997
2015-09-13,0.04,0.0,0.0,1,0,0,380339.0,2162353.0,2823076.0872
2015-09-14,0.0,0.0,0.0,2,0,0,343417.0,1837182.0,5124369.5832
2015-09-15,0.0,0.0,0.0,3,0,0,375244.0,1898959.0,5517954.5856
2015-09-16,0.0,0.0,0.0,4,0,0,397920.0,2000094.0,6305057.7744
2015-09-17,0.0,0.0,0.0,5,0,0,408011.0,2109179.0,6367863.276000001
2015-09-18,0.0,0.0,0.0,6,1,0,425281.0,2209519.0,6270691.6536
2015-09-19,0.0,0.0,0.0,7,1,0,439705.0,2270455.0,3659558.6568
2015-09-20,0.0,0.0,0.0,1,0,0,389489.0,2248348.0,2938240.4712
2015-09-21,0.0,0.0,0.0,2,0,0,356667.0,1885911.0,6060029.4648
2015-09-22,0.0,0.0,0.0,3,0,0,365489.0,1757546.0,6088043.3496
2015-09-23,0.0,0.0,0.0,4,0,0,356235.0,1781960.0,5391529.62
2015-09-24,0.0,0.0,0.0,5,0,0,322616.0,1720754.0,5973114.7248
2015-09-25,0.0,0.0,0.0,6,1,0,362724.0,1905630.0,6162545.076
2015-09-26,0.0,0.0,0.0,7,1,0,424686.0,2199243.0,3726509.4984
2015-09-27,0.0,0.0,0.0,1,0,0,375961.0,2218529.0,3032690.676
2015-09-28,0.0,0.0,0.0,2,0,0,320940.0,1798472.0,5922011.9904000005
2015-09-29,0.11,0.0,0.0,3,0,0,358091.0,1794142.0,6163428.3288
2015-09-30,1.26,0.0,0.0,4,0,0,378798.0,1914623.0,6221001.148800001
2015-10-01,0.09,0.0,0.0,5,0,0,391181.0,2005183.0,6370111.788
2015-10-02,1.08,0.0,0.0,6,1,0,411527.0,2015806.0,5955620.0976
2015-10-03,0.35,0.0,0.0,7,1,0,410218.0,2001749.0,3263957.172
2015-10-04,0.0,0.0,0.0,1,0,0,362619.0,2062574.0,2866280.6568
2015-10-05,0.0,0.0,0.0,2,0,0,342314.0,1790445.0,5854422.7536
2015-10-06,0.0,0.0,0.0,3,0,0,371888.0,1847657.0,6146971.6008
2015-10-07,0.0,0.0,0.0,4,0,0,388444.0,1959863.0,6318099.4128
2015-10-08,0.0,0.0,0.0,5,0,0,404951.0,2091355.0,6399972.216
2015-10-09,0.89,0.0,0.0,6,1,0,399758.0,2091146.0,6323805.0096
2015-10-10,0.0,0.0,0.0,7,1,0,429913.0,2266724.0,3738020.4047999997
2015-10-11,0.0,0.0,0.0,1,0,0,375612.0,2208401.0,3104046.9000000004
2015-10-12,0.0,0.0,0.0,2,0,1,326186.0,1887621.0,4615193.318399999
2015-10-13,0.01,0.0,0.0,3,0,0,376875.0,1920538.0,6201948.4536
2015-10-14,0.0,0.0,0.0,4,0,0,390339.0,1958468.0,6357722.148
2015-10-15,0.0,0.0,0.0,5,0,0,404818.0,2072039.0,6398837.2008
2015-10-16,0.0,0.0,0.0,6,1,0,427592.0,2190546.0,6308018.7168000005
2015-10-17,0.0,0.0,0.0,7,1,0,456600.0,2281931.0,3796161.3911999995
2015-10-18,0.0,0.0,0.0,1,0,0,397461.0,2256559.0,3008286.8712
2015-10-19,0.0,0.0,0.0,2,0,0,364337.0,1917236.0,5931708.468
2015-10-20,0.0,0.0,0.0,3,0,0,375276.0,1861394.0,6275676.78
2015-10-21,0.0,0.0,0.0,4,0,0,387319.0,1940172.0,6345100.862400001
2015-10-22,0.0,0.0,0.0,5,0,0,408082.0,2084584.0,6387014.366400001
2015-10-23,0.0,0.0,0.0,6,1,0,425775.0,2179845.0,6379896.132000001
2015-10-24,0.0,0.0,0.0,7,1,0,433591.0,2209030.0,
2015-10-25,0.05,0.0,0.0,1,0,0,387660.0,2217553.0,
2015-10-26,0.0,0.0,0.0,2,0,0,354669.0,1873756.0,
2015-10-27,0.0,0.0,0.0,3,0,0,379455.0,1835820.0,
2015-10-28,1.4,0.0,0.0,4,0,0,384467.0,1818690.0,
2015-10-29,0.04,0.0,0.0,5,0,0,401048.0,2056930.0,
2015-10-30,0.0,0.0,0.0,6,1,0,425918.0,2167814.0,
2015-10-31,0.0,0.0,0.0,7,1,0,438638.0,2156531.0,3863701.2408000003
2015-11-01,0.0,0.0,0.0,1,0,0,387204.0,2328174.0,3283414.8600000003
2015-11-02,0.0,0.0,0.0,2,0,0,346072.0,1848932.0,6037042.5768
2015-11-03,0.0,0.0,0.0,3,0,0,362694.0,1790689.0,5867115.7536
2015-11-04,0.0,0.0,0.0,4,0,0,381631.0,1870793.0,6329519.5896000005
2015-11-05,0.01,0.0,0.0,5,0,0,399464.0,2006837.0,6288983.1336
2015-11-06,0.0,0.0,0.0,6,1,0,416549.0,2113342.0,6228591.1416
2015-11-07,0.0,0.0,0.0,7,1,0,441370.0,2169520.0,
2015-11-08,0.0,0.0,0.0,1,0,0,389796.0,2222831.0,
2015-11-09,0.0,0.0,0.0,2,0,0,350504.0,1838221.0,
2015-11-10,0.26,0.0,0.0,3,0,0,375699.0,1767186.0,
2015-11-11,0.43,0.0,0.0,4,0,1,369490.0,1850880.0,
2015-11-12,0.01,0.0,0.0,5,0,0,404091.0,1998430.0,
2015-11-13,0.0,0.0,0.0,6,1,0,424992.0,2109396.0,
2015-11-14,0.0,0.0,0.0,7,1,0,444308.0,2163269.0,3829528.7591999997
2015-11-15,0.0,0.0,0.0,1,0,0,378532.0,2170276.0,2800714.2624
2015-11-16,0.0,0.0,0.0,2,0,0,345264.0,1824914.0,5917487.9376
2015-11-17,0.0,0.0,0.0,3,0,0,381996.0,1828015.0,6216216.096
2015-11-18,0.0,0.0,0.0,4,0,0,388804.0,1879737.0,6245485.4736
2015-11-19,1.25,0.0,0.0,5,0,0,391975.0,1912746.0,6229132.6032
2015-11-20,0.0,0.0,0.0,6,1,0,419517.0,2168972.0,6219218.5944
2015-11-21,0.0,0.0,0.0,7,1,0,436530.0,2156415.0,
2015-11-22,0.03,0.0,0.0,1,0,0,374287.0,2015542.0,
2015-11-23,0.0,0.0,0.0,2,0,0,363813.0,1699504.0,
2015-11-24,0.0,0.0,0.0,3,0,0,375591.0,1775568.0,
2015-11-25,0.0,0.0,0.0,4,0,0,356385.0,1766388.0,
2015-11-26,0.0,0.0,0.0,5,0,1,240828.0,1376794.0,
2015-11-27,0.0,0.0,0.0,6,1,0,273588.0,1359611.0,
2015-11-28,0.02,0.0,0.0,7,1,0,342616.0,1838773.0,3249956.0304
2015-11-29,0.0,0.0,0.0,1,0,0,331323.0,1967803.0,2613038.5344
2015-11-30,0.0,0.0,0.0,2,0,0,344734.0,1851920.0,5868424.0176
2015-12-01,0.33,0.0,0.0,3,0,0,372010.0,1802456.0,6141498.4872
2015-12-02,0.14,0.0,0.0,4,0,0,377173.0,1848970.0,6325919.4695999995
2015-12-03,0.0,0.0,0.0,5,0,0,411315.0,2073638.0,6326289.619200001
2015-12-04,0.0,0.0,0.0,6,1,0,428227.0,2156438.0,6311944.5672
2015-12-05,0.0,0.0,0.0,7,1,0,448335.0,2184385.0,3877047.0
2015-12-06,0.0,0.0,0.0,1,0,0,396315.0,2203245.0,3036344.6688
2015-12-07,0.0,0.0,0.0,2,0,0,369302.0,1898423.0,6075136.284
2015-12-08,0.0,0.0,0.0,3,0,0,379811.0,1850034.0,6234021.2736
2015-12-09,0.0,0.0,0.0,4,0,0,388888.0,1923523.0,6327320.959199999
2015-12-10,0.0,0.0,0.0,5,0,0,403407.0,2055795.0,6371669.3568
2015-12-11,0.0,0.0,0.0,6,1,0,424794.0,2164379.0,6342816.055199999
2015-12-12,0.0,0.0,0.0,7,1,0,436403.0,2140689.0,4019753.2944
2015-12-13,0.0,0.0,0.0,1,0,0,374565.0,2110687.0,3172506.54
2015-12-14,0.33,0.0,0.0,2,0,0,367999.0,1808644.0,6053832.0671999995
2015-12-15,0.09,0.0,0.0,3,0,0,394585.0,1918062.0,6204590.0424
2015-12-16,0.04,0.0,0.0,4,0,0,414901.0,2005975.0,6286399.5744
2015-12-17,1.21,0.0,0.0,5,0,0,415768.0,2063788.0,6165187.4496
2015-12-18,0.0,0.0,0.0,6,1,0,455794.0,2277058.0,6253902.9288
2015-12-19,0.0,0.0,0.0,7,1,0,458142.0,2272703.0,3861500.796
2015-12-20,0.0,0.0,0.0,1,0,0,382602.0,2030452.0,3064881.5376
2015-12-21,0.0,0.0,0.0,2,0,0,345029.0,1682777.0,5851562.58
2015-12-22,0.19,0.0,0.0,3,0,0,352808.0,1708900.0,5855612.9399999995
2015-12-23,1.55,0.0,0.0,4,0,0,336991.0,1685923.0,5545380.6864
2015-12-24,0.01,0.0,0.0,5,0,0,295314.0,1503629.0,4055582.7648
2015-12-25,0.01,0.0,0.0,6,1,1,187138.0,1146303.0,1976140.90536
2015-12-26,0.0,0.0,0.0,7,1,0,237205.0,1348027.0,2877665.9664000003
2015-12-27,0.12,0.0,0.0,1,0,0,267046.0,1653559.0,2744149.9824
2015-12-28,0.03,0.0,0.0,2,0,0,299494.0,1637986.0,4905436.5312
2015-12-29,0.45,0.0,0.0,3,0,0,309849.0,1634488.0,4827593.9808
2015-12-30,0.19,0.0,0.0,4,0,0,317556.0,1726810.0,5218497.8928
2015-12-31,0.03,0.0,0.0,5,0,0,337735.0,1747019.0,4547215.6992
2016-01-01,0.0,0.0,0.0,6,1,1,342700.0,2061058.0,2745234.348
2016-01-02,0.0,0.0,0.0,7,1,0,310993.0,1734360.0,3092857.68
2016-01-03,0.0,0.0,0.0,1,0,0,300829.0,1816141.0,2616026.3663999997
2016-01-04,0.0,0.0,0.0,2,0,0,314188.0,1603797.0,5496062.678400001
2016-01-05,0.0,0.0,0.0,3,0,0,341236.0,1614665.0,5624036.484
2016-01-06,0.0,0.0,0.0,4,0,0,346542.0,1631075.0,5827638.8424
2016-01-07,0.0,0.0,0.0,5,0,0,362876.0,1698001.0,5834143.7496
2016-01-08,0.0,0.0,0.0,6,1,0,389919.0,1810703.0,5853585.084
2016-01-09,0.0,0.0,0.0,7,1,0,403578.0,1897689.0,3255634.7688
2016-01-10,1.8,0.0,0.0,1,0,0,349714.0,1861156.0,2380692.72768
2016-01-11,0.0,0.0,0.0,2,0,0,340676.0,1633483.0,5743477.3896
2016-01-12,0.0,0.0,0.0,3,0,0,365316.0,1660769.0,5764611.4536
2016-01-13,0.0,0.0,0.0,4,0,0,392979.0,1751451.0,5830236.276
2016-01-14,0.0,0.0,0.0,5,0,0,394283.0,1868548.0,5840432.9688
2016-01-15,0.0,0.0,0.0,6,1,0,399075.0,1975815.0,5769774.84
2016-01-16,0.24,0.0,0.0,7,1,0,409548.0,2019277.0,3201005.6976000005
2016-01-17,0.05,0.0,0.4,1,0,0,377013.0,1940974.0,2582102.4072000002
2016-01-18,0.0,0.0,0.0,2,0,1,339298.0,1734259.0,3438623.532
2016-01-19,0.0,0.0,0.0,3,0,0,382814.0,1788263.0,5610269.1
2016-01-20,0.0,0.0,0.0,4,0,0,379812.0,1793848.0,5873933.1384000005
2016-01-21,0.0,0.0,0.0,5,0,0,397353.0,1858718.0,6014734.7832
2016-01-22,0.01,0.0,0.2,6,1,0,417948.0,1916407.0,5779345.3536
2016-01-23,2.31,5.9,27.3,7,1,0,77438.0,369481.0,1308578.55336
2016-01-24,0.0,22.0,0.0,1,0,0,158760.0,822912.0,1596606.8654399998
2016-01-25,0.0,18.9,0.0,2,0,0,279965.0,1550694.0,5356344.3911999995
2016-01-26,0.0,16.9,0.0,3,0,0,325614.0,1650945.0,5911118.1912
2016-01-27,0.0,9.1,0.0,4,0,0,357071.0,1686345.0,6059159.9112
2016-01-28,0.0,5.9,0.0,5,0,0,381214.0,1831620.0,6000874.0344
2016-01-29,0.0,5.9,0.0,6,1,0,411660.0,1926206.0,5883544.5287999995
2016-01-30,0.0,5.9,0.0,7,1,0,432909.0,2020615.0,3380950.4255999997
2016-01-31,0.0,3.9,0.0,1,0,0,359196.0,1935800.0,2650913.6544
2016-02-01,0.01,2.0,0.0,2,0,0,339152.0,1660654.0,5645955.8424
2016-02-02,0.0,0.0,0.0,3,0,0,361048.0,1643665.0,6054949.1616
2016-02-03,0.73,0.0,0.0,4,0,0,369826.0,1652534.0,6118325.2848000005
2016-02-04,0.0,0.0,0.0,5,0,0,392328.0,1832236.0,6153664.7352
2016-02-05,0.53,1.2,2.5,6,1,0,406936.0,1864996.0,5668462.572
2016-02-06,0.0,0.0,0.0,7,1,0,425967.0,1981850.0,3330120.84
2016-02-07,0.0,0.0,0.0,1,0,0,371010.0,1966147.0,2573579.3808
2016-02-08,0.05,0.0,0.1,2,0,0,341100.0,1633974.0,5299182.2447999995
2016-02-09,0.0,0.0,0.0,3,0,0,365944.0,1638533.0,5891139.3336
2016-02-10,0.01,0.0,0.0,4,0,0,391184.0,1791864.0,6162008.5464
2016-02-11,0.0,0.0,0.0,5,0,0,428812.0,1974417.0,6092371.548
2016-02-12,0.0,0.0,0.0,6,1,0,431504.0,2103632.0,5579594.9736
2016-02-13,0.0,0.0,0.0,7,1,0,445954.0,2033747.0,2980429.7112
2016-02-14,0.0,0.0,0.0,1,0,0,400063.0,1925685.0,2152546.0600800007
2016-02-15,0.44,0.0,1.4,2,0,1,348222.0,1774075.0,3149586.2808
2016-02-16,1.01,0.0,0.0,3,0,0,361496.0,1825101.0,5210077.5864
2016-02-17,0.0,0.0,0.0,4,0,0,384663.0,1841188.0,5707784.1
2016-02-18,0.0,0.0,0.0,5,0,0,408271.0,1929277.0,5735542.896
2016-02-19,0.0,0.0,0.0,6,1,0,418284.0,2001042.0,5512395.264
2016-02-20,0.0,0.0,0.0,7,1,0,422317.0,2073608.0,3267541.2720000003
2016-02-21,0.03,0.0,0.0,1,0,0,369829.0,2041638.0,2517913.9080000003
2016-02-22,0.0,0.0,0.0,2,0,0,344587.0,1719165.0,5704559.58
2016-02-23,0.3,0.0,0.0,3,0,0,393532.0,1766553.0,5867105.0688
2016-02-24,1.22,0.0,0.0,4,0,0,397714.0,1770427.0,5894284.3536
2016-02-25,0.02,0.0,0.0,5,0,0,411199.0,2025461.0,5921697.4248
2016-02-26,0.0,0.0,0.0,6,1,0,435112.0,2028829.0,5996024.3904
2016-02-27,0.0,0.0,0.0,7,1,0,438461.0,2074846.0,3299332.2312
2016-02-28,0.0,0.0,0.0,1,0,0,363832.0,2033854.0,2667087.2256
2016-02-29,0.05,0.0,0.0,2,0,0,345712.0,1730919.0,5712625.284
2016-03-01,0.0,0.0,0.0,3,0,0,370767.0,1728474.0,6114455.6832
2016-03-02,0.14,0.0,0.0,4,0,0,405051.0,1844955.0,6027223.608
2016-03-03,0.0,0.0,0.0,5,0,0,425687.0,1993468.0,6034856.4096
2016-03-04,0.11,0.0,0.4,6,1,0,431704.0,2027426.0,5881001.037599999
2016-03-05,0.0,0.0,0.0,7,1,0,448696.0,2136689.0,3414704.4432
2016-03-06,0.0,0.0,0.0,1,0,0,382687.0,2096076.0,2692022.3376
2016-03-07,0.0,0.0,0.0,2,0,0,346449.0,1735484.0,5954967.0888
2016-03-08,0.0,0.0,0.0,3,0,0,370663.0,1748628.0,6067586.3784
2016-03-09,0.0,0.0,0.0,4,0,0,382187.0,1856895.0,6181470.972
2016-03-10,0.0,0.0,0.0,5,0,0,404151.0,2015868.0,6211936.007999999
2016-03-11,0.06,0.0,0.0,6,1,0,422674.0,2087188.0,6014209.4952
2016-03-12,0.0,0.0,0.0,7,1,0,439532.0,2196875.0,3565237.8864
2016-03-13,0.0,0.0,0.0,1,0,0,364507.0,2070207.0,2615677.9176
2016-03-14,0.29,0.0,0.0,2,0,0,381748.0,1827322.0,5623552.5744
2016-03-15,0.0,0.0,0.0,3,0,0,381213.0,1833967.0,5976068.6928
2016-03-16,0.02,0.0,0.0,4,0,0,395742.0,1943480.0,6124710.1559999995
2016-03-17,0.0,0.0,0.0,5,0,0,397115.0,2033679.0,6163583.544000001
2016-03-18,0.0,0.0,0.0,6,1,0,434028.0,2176779.0,6076038.84
2016-03-19,0.0,0.0,0.0,7,1,0,439616.0,2182019.0,3604876.9464000002
2016-03-20,0.07,0.0,0.0,1,0,0,387240.0,2151391.0,2813562.684
2016-03-21,0.06,0.0,0.5,2,0,0,342179.0,1764590.0,5684304.592800001
2016-03-22,0.0,0.0,0.0,3,0,0,364622.0,1803186.0,5990806.262399999
2016-03-23,0.0,0.0,0.0,4,0,0,379687.0,1880309.0,6064282.7808
2016-03-24,0.0,0.0,0.0,5,0,0,404752.0,2039426.0,6109007.4984
2016-03-25,0.04,0.0,0.0,6,1,0,397483.0,2072479.0,4984608.036
2016-03-26,0.0,0.0,0.0,7,1,0,401733.0,2010257.0,3550629.5208
2016-03-27,0.0,0.0,0.0,1,0,0,343528.0,1993947.0,2732055.6864
2016-03-28,0.38,0.0,0.0,2,0,0,342462.0,1781630.0,5501102.1168
2016-03-29,0.0,0.0,0.0,3,0,0,376333.0,1848998.0,6021221.4024
2016-03-30,0.0,0.0,0.0,4,0,0,383478.0,1870572.0,6129380.5200000005
2016-03-31,0.0,0.0,0.0,5,0,0,391821.0,1963805.0,6247366.3152
2016-04-01,0.02,0.0,0.0,6,1,0,409306.0,2042849.0,6030702.256800001
2016-04-02,0.16,0.0,0.0,7,1,0,442348.0,2156032.0,3453321.3672
2016-04-03,0.09,0.0,0.0,1,0,0,390024.0,2104852.0,2709143.9376
2016-04-04,0.47,0.0,0.0,2,0,0,372889.0,1815440.0,5676825.4872
2016-04-05,0.0,0.0,0.0,3,0,0,397549.0,1885488.0,6058886.3016
2016-04-06,0.0,0.0,0.0,4,0,0,398758.0,1881120.0,6214340.3688
2016-04-07,0.09,0.0,0.0,5,0,0,407339.0,1971279.0,6081539.8128
2016-04-08,0.01,0.0,0.0,6,1,0,437905.0,2122060.0,6127297.068
2016-04-09,0.11,0.0,0.0,7,1,0,454415.0,2163581.0,3364620.6263999995
2016-04-10,0.0,0.0,0.0,1,0,0,389226.0,2165233.0,2833846.3008
2016-04-11,0.01,0.0,0.0,2,0,0,353295.0,1789893.0,5779563.9
2016-04-12,0.2,0.0,0.0,3,0,0,388054.0,1798703.0,6031600.368
2016-04-13,0.0,0.0,0.0,4,0,0,392656.0,1873309.0,6283079.3016
2016-04-14,0.0,0.0,0.0,5,0,0,411746.0,2048944.0,6237581.964
2016-04-15,0.0,0.0,0.0,6,1,0,430698.0,2124377.0,6121113.055199999
2016-04-16,0.0,0.0,0.0,7,1,0,450462.0,2249425.0,3692876.2007999998
2016-04-17,0.0,0.0,0.0,1,0,0,392277.0,2247240.0,2956491.1536
2016-04-18,0.0,0.0,0.0,2,0,0,353239.0,1858356.0,5878793.46
2016-04-19,0.0,0.0,0.0,3,0,0,375541.0,1805832.0,6123642.9792
2016-04-20,0.0,0.0,0.0,4,0,0,393060.0,1900378.0,6149571.3552
2016-04-21,0.0,0.0,0.0,5,0,0,380388.0,1940389.0,6134735.448000001
2016-04-22,0.0,0.0,0.0,6,1,0,385783.0,1967685.0,5888298.3408
2016-04-23,0.16,0.0,0.0,7,1,0,389396.0,1944132.0,3459601.4448
2016-04-24,0.0,0.0,0.0,1,0,0,355108.0,2024834.0,2871176.3351999996
2016-04-25,0.0,0.0,0.0,2,0,0,331085.0,1737219.0,5255010.1368
2016-04-26,0.24,0.0,0.0,3,0,0,369316.0,1748508.0,5483856.8112
2016-04-27,0.0,0.0,0.0,4,0,0,372872.0,1802000.0,5647164.0888
2016-04-28,0.0,0.0,0.0,5,0,0,399379.0,1992583.0,5644780.8744
2016-04-29,0.05,0.0,0.0,6,1,0,414081.0,2049936.0,5501440.6296
2016-04-30,0.0,0.0,0.0,7,1,0,418129.0,2132487.0,3489918.1848
2016-05-01,0.16,0.0,0.0,1,0,0,379826.0,2123268.0,2633127.648
2016-05-02,0.04,0.0,0.0,2,0,0,355421.0,1857497.0,5712291.0264
2016-05-03,0.61,0.0,0.0,3,0,0,398247.0,1896408.0,5992189.2912
2016-05-04,0.01,0.0,0.0,4,0,0,404851.0,1940666.0,6190362.1968
2016-05-05,0.0,0.0,0.0,5,0,0,421979.0,2104258.0,6207320.4432
2016-05-06,0.54,0.0,0.0,6,1,0,434381.0,2149022.0,6049161.0264
2016-05-07,0.0,0.0,0.0,7,1,0,430839.0,2118057.0,3489781.6032
2016-05-08,0.16,0.0,0.0,1,0,0,370812.0,2100446.0,2740555.032
2016-05-09,0.0,0.0,0.0,2,0,0,347099.0,1837399.0,5794309.2312
2016-05-10,0.0,0.0,0.0,3,0,0,374109.0,1800922.0,6158207.2392
2016-05-11,0.0,0.0,0.0,4,0,0,381163.0,1865486.0,6283540.8911999995
2016-05-12,0.0,0.0,0.0,5,0,0,397559.0,2033025.0,6186169.732799999
2016-05-13,0.25,0.0,0.0,6,1,0,394431.0,2016878.0,5756108.7552000005
2016-05-14,0.0,0.0,0.0,7,1,0,432781.0,2238206.0,3588022.9055999997
2016-05-15,0.0,0.0,0.0,1,0,0,405814.0,2316417.0,2876288.2199999997
2016-05-16,0.0,0.0,0.0,2,0,0,376368.0,1982871.0,5875817.868
2016-05-17,0.0,0.0,0.0,3,0,0,395021.0,2054760.0,6174625.0656
2016-05-18,0.0,0.0,0.0,4,0,0,378752.0,1963035.0,6292589.015999999
2016-05-19,0.0,0.0,0.0,5,0,0,403551.0,2106558.0,6177610.8456
2016-05-20,0.0,0.0,0.0,6,1,0,411979.0,2137410.0,6036273.9312
2016-05-21,0.04,0.0,0.0,7,1,0,433317.0,2240502.0,3593782.0512000006
2016-05-22,0.09,0.0,0.0,1,0,0,366980.0,2138481.0,2799166.5768
2016-05-23,0.02,0.0,0.0,2,0,0,344868.0,1801287.0,5781450.3072
2016-05-24,0.18,0.0,0.0,3,0,0,369274.0,1771609.0,6038960.1504
2016-05-25,0.0,0.0,0.0,4,0,0,383613.0,1886918.0,6257974.4136
2016-05-26,0.0,0.0,0.0,5,0,0,386117.0,1963313.0,6141963.5184
2016-05-27,0.0,0.0,0.0,6,1,0,362530.0,1861506.0,5767815.1872
2016-05-28,0.0,0.0,0.0,7,1,0,327627.0,1736772.0,3287902.1040000003
2016-05-29,0.0,0.0,0.0,1,0,0,296409.0,1688363.0,2834681.52
2016-05-30,1.65,0.0,0.0,2,0,1,259407.0,1646107.0,2611699.5432
2016-05-31,0.0,0.0,0.0,3,0,0,338547.0,1759709.0,5694295.3032
2016-06-01,0.0,0.0,0.0,4,0,0,366534.0,1807540.0,6125048.856000001
2016-06-02,0.0,0.0,0.0,5,0,0,390459.0,1930378.0,6156290.5896000005
2016-06-03,0.04,0.0,0.0,6,1,0,399404.0,1976378.0,5978262.5064
2016-06-04,0.4,0.0,0.0,7,1,0,418047.0,2120056.0,
2016-06-05,0.91,0.0,0.0,1,0,0,350922.0,1978644.0,
2016-06-06,0.0,0.0,0.0,2,0,0,354210.0,1923039.0,
2016-06-07,0.0,0.0,0.0,3,0,0,374126.0,1823051.0,
2016-06-08,0.45,0.0,0.0,4,0,0,379129.0,1847573.0,
2016-06-09,0.0,0.0,0.0,5,0,0,391162.0,1997767.0,
2016-06-10,0.0,0.0,0.0,6,1,0,398822.0,2031533.0,
2016-06-11,0.0,0.0,0.0,7,1,0,385498.0,1953789.0,
2016-06-12,0.0,0.0,0.0,1,0,0,326862.0,1932953.0,
2016-06-13,0.0,0.0,0.0,2,0,0,338932.0,1793897.0,
2016-06-14,0.0,0.0,0.0,3,0,0,361321.0,1790799.0,
2016-06-15,0.0,0.0,0.0,4,0,0,380647.0,1873677.0,
2016-06-16,0.22,0.0,0.0,5,0,0,396238.0,1950404.0,
2016-06-17,0.0,0.0,0.0,6,1,0,385673.0,1974228.0,
2016-06-18,0.0,0.0,0.0,7,1,0,368143.0,1907004.0,3929156.7408000003
2016-06-19,0.0,0.0,0.0,1,0,0,328001.0,1923183.0,2823517.0056
2016-06-20,0.0,0.0,0.0,2,0,0,333802.0,1750680.0,5592444.264
2016-06-21,0.0,0.0,0.0,3,0,0,362362.0,1750559.0,5907611.7384
2016-06-22,0.0,0.0,0.0,4,0,0,371044.0,1830395.0,6046316.4144
2016-06-23,0.0,0.0,0.0,5,0,0,387662.0,1919482.0,5900858.8632
2016-06-24,0.0,0.0,0.0,6,1,0,385875.0,1998057.0,5859990.5352
2016-06-25,0.0,0.0,0.0,7,1,0,386278.0,2035809.0,3604219.1472
2016-06-26,0.0,0.0,0.0,1,0,0,329368.0,1997932.0,3160202.2944
2016-06-27,0.45,0.0,0.0,2,0,0,356568.0,1875052.0,5692141.9752
2016-06-28,0.12,0.0,0.0,3,0,0,346554.0,1675608.0,5792416.6872
2016-06-29,0.01,0.0,0.0,4,0,0,354967.0,1773310.0,5820149.0568
2016-06-30,0.0,0.0,0.0,5,0,0,355872.0,1811120.0,5828788.1376
2016-07-01,0.83,0.0,0.0,6,1,0,,,5228239.2144
2016-07-02,0.0,0.0,0.0,7,1,0,,,
2016-07-03,0.0,0.0,0.0,1,0,0,,,
2016-07-04,0.49,0.0,0.0,2,0,1,,,
2016-07-05,0.66,0.0,0.0,3,0,0,,,
2016-07-06,0.0,0.0,0.0,4,0,0,,,
2016-07-07,0.04,0.0,0.0,5,0,0,,,
2016-07-08,0.08,0.0,0.0,6,1,0,,,
2016-07-09,0.53,0.0,0.0,7,1,0,,,3215900.9304
2016-07-10,0.0,0.0,0.0,1,0,0,,,2767509.2712
2016-07-11,0.0,0.0,0.0,2,0,0,,,5454794.688
2016-07-12,0.0,0.0,0.0,3,0,0,,,5795527.826400001
2016-07-13,0.0,0.0,0.0,4,0,0,,,5831025.3816
2016-07-14,0.62,0.0,0.0,5,0,0,,,5755669.3488
2016-07-15,0.0,0.0,0.0,6,1,0,,,5549888.9688
2016-07-16,0.0,0.0,0.0,7,1,0,,,3397696.3344
2016-07-17,0.0,0.0,0.0,1,0,0,,,2793778.1591999996
2016-07-18,0.35,0.0,0.0,2,0,0,,,5403080.4264
2016-07-19,0.0,0.0,0.0,3,0,0,,,5739843.5496000005
2016-07-20,0.0,0.0,0.0,4,0,0,,,5885371.596
2016-07-21,0.0,0.0,0.0,5,0,0,,,5893066.4424
2016-07-22,0.0,0.0,0.0,6,1,0,,,5590614.2496
2016-07-23,0.0,0.0,0.0,7,1,0,,,3321605.3592000003
2016-07-24,0.0,0.0,0.0,1,0,0,,,2795045.5152000003
2016-07-25,1.0,0.0,0.0,2,0,0,,,5348515.068
2016-07-26,0.0,0.0,0.0,3,0,0,,,5597333.1888
2016-07-27,0.0,0.0,0.0,4,0,0,,,5781196.7256000005
2016-07-28,0.0,0.0,0.0,5,0,0,,,5799112.8456
2016-07-29,1.09,0.0,0.0,6,1,0,,,5403918.0888
2016-07-30,0.25,0.0,0.0,7,1,0,,,3317041.4831999997
2016-07-31,1.08,0.0,0.0,1,0,0,,,2543901.6504
2016-08-01,0.0,0.0,0.0,2,0,0,,,5298346.6056
2016-08-02,0.0,0.0,0.0,3,0,0,,,5604598.0992
2016-08-03,0.0,0.0,0.0,4,0,0,,,5823510.1752
2016-08-04,0.0,0.0,0.0,5,0,0,,,5785470.84
2016-08-05,0.0,0.0,0.0,6,1,0,,,5570787.7584
2016-08-06,0.05,0.0,0.0,7,1,0,,,3230810.8631999996
2016-08-07,0.0,0.0,0.0,1,0,0,,,2766598.2768
2016-08-08,0.0,0.0,0.0,2,0,0,,,5275240.452
2016-08-09,0.0,0.0,0.0,3,0,0,,,5535335.3304
2016-08-10,0.09,0.0,0.0,4,0,0,,,5529822.8472
2016-08-11,0.15,0.0,0.0,5,0,0,,,5622094.9056
2016-08-12,0.32,0.0,0.0,6,1,0,,,5301485.5992
2016-08-13,0.0,0.0,0.0,7,1,0,,,3106717.0439999998
2016-08-14,0.06,0.0,0.0,1,0,0,,,2561013.7199999997
2016-08-15,0.0,0.0,0.0,2,0,0,,,5096328.477600001
2016-08-16,0.11,0.0,0.0,3,0,0,,,5404559.8704
2016-08-17,0.01,0.0,0.0,4,0,0,,,5449400.556
2016-08-18,0.03,0.0,0.0,5,0,0,,,5417491.0296
2016-08-19,0.01,0.0,0.0,6,1,0,,,5255769.477600001
2016-08-20,0.82,0.0,0.0,7,1,0,,,3144905.7479999997
2016-08-21,0.31,0.0,0.0,1,0,0,,,2608207.188
2016-08-22,0.0,0.0,0.0,2,0,0,,,5012785.488
2016-08-23,0.0,0.0,0.0,3,0,0,,,5339768.6568
2016-08-24,0.0,0.0,0.0,4,0,0,,,5394153.4872
2016-08-25,0.01,0.0,0.0,5,0,0,,,5457063.1776
2016-08-26,0.0,0.0,0.0,6,1,0,,,5238302.7096
2016-08-27,0.0,0.0,0.0,7,1,0,,,3287701.5072000003
2016-08-28,0.0,0.0,0.0,1,0,0,,,2731843.2408
2016-08-29,0.0,0.0,0.0,2,0,0,,,5148383.3952
2016-08-30,0.0,0.0,0.0,3,0,0,,,5459601.7752
2016-08-31,0.0,0.0,0.0,4,0,0,,,5503909.14
2016-09-01,0.5,0.0,0.0,5,0,0,,,5440862.7384
2016-09-02,0.0,0.0,0.0,6,1,0,,,5221019.1888
2016-09-03,0.0,0.0,0.0,7,1,0,,,3173098.0776000004
2016-09-04,0.0,0.0,0.0,1,0,0,,,2758276.2600000002
2016-09-05,0.0,0.0,0.0,2,0,1,,,2695255.1112
2016-09-06,0.0,0.0,0.0,3,0,0,,,5478862.068
2016-09-07,0.0,0.0,0.0,4,0,0,,,5824836.492000001
2016-09-08,0.0,0.0,0.0,5,0,0,,,6095438.0952
2016-09-09,0.22,0.0,0.0,6,1,0,,,6047658.4344
2016-09-10,0.0,0.0,0.0,7,1,0,,,3460523.1936
2016-09-11,0.0,0.0,0.0,1,0,0,,,2797257.3863999997
2016-09-12,0.0,0.0,0.0,2,0,0,,,5551113.828
2016-09-13,0.0,0.0,0.0,3,0,0,,,6143385.081599999
2016-09-14,0.56,0.0,0.0,4,0,0,,,6247412.0952
2016-09-15,0.0,0.0,0.0,5,0,0,,,6260312.4216
2016-09-16,0.0,0.0,0.0,6,1,0,,,6136286.1912
2016-09-17,0.0,0.0,0.0,7,1,0,,,3589293.3408000004
2016-09-18,0.0,0.0,0.0,1,0,0,,,2726955.0719999997
2016-09-19,0.68,0.0,0.0,2,0,0,,,5641921.4904000005
2016-09-20,0.0,0.0,0.0,3,0,0,,,6177143.3448
2016-09-21,0.0,0.0,0.0,4,0,0,,,6311075.76
2016-09-22,0.0,0.0,0.0,5,0,0,,,6253636.596
2016-09-23,0.01,0.0,0.0,6,1,0,,,6121877.4336
2016-09-24,0.2,0.0,0.0,7,1,0,,,3593800.9896
2016-09-25,0.0,0.0,0.0,1,0,0,,,2924853.0719999997
2016-09-26,0.0,0.0,0.0,2,0,0,,,5835790.4064
2016-09-27,0.22,0.0,0.0,3,0,0,,,6134154.7128
2016-09-28,0.0,0.0,0.0,4,0,0,,,6284653.948799999
2016-09-29,0.0,0.0,0.0,5,0,0,,,6170633.5344
2016-09-30,0.4,0.0,0.0,6,1,0,,,6108211.4592
2016-10-01,0.0,0.0,0.0,7,1,0,,,3353366.1816000002
2016-10-02,0.0,0.0,0.0,1,0,0,,,2736854.4504
2016-10-03,0.0,0.0,0.0,2,0,0,,,5035998.5904
2016-10-04,0.0,0.0,0.0,3,0,0,,,5409752.676
2016-10-05,0.0,0.0,0.0,4,0,0,,,6203452.063200001
2016-10-06,0.0,0.0,0.0,5,0,0,,,6327666.681600001
2016-10-07,0.0,0.0,0.0,6,1,0,,,6166319.4120000005
2016-10-08,0.23,0.0,0.0,7,1,0,,,3486254.7575999997
2016-10-09,0.55,0.0,0.0,1,0,0,,,2593911.5352
2016-10-10,0.0,0.0,0.0,2,0,1,,,4484054.7168
2016-10-11,0.0,0.0,0.0,3,0,0,,,5853695.328
2016-10-12,0.0,0.0,0.0,4,0,0,,,5294176.0464
2016-10-13,0.0,0.0,0.0,5,0,0,,,6208698.5352
2016-10-14,0.0,0.0,0.0,6,1,0,,,6202711.4472
2016-10-15,0.0,0.0,0.0,7,1,0,,,3579291.5904
2016-10-16,0.0,0.0,0.0,1,0,0,,,2862292.9176
2016-10-17,0.0,0.0,0.0,2,0,0,,,5726927.9064
2016-10-18,0.0,0.0,0.0,3,0,0,,,6059827.0056
2016-10-19,0.0,0.0,0.0,4,0,0,,,6262783.86
2016-10-20,0.0,0.0,0.0,5,0,0,,,6216993.5208
2016-10-21,1.11,0.0,0.0,6,1,0,,,5991694.9536
2016-10-22,0.29,0.0,0.0,7,1,0,,,
2016-10-23,0.0,0.0,0.0,1,0,0,,,
2016-10-24,0.0,0.0,0.0,2,0,0,,,
2016-10-25,0.0,0.0,0.0,3,0,0,,,
2016-10-26,0.0,0.0,0.0,4,0,0,,,
2016-10-27,1.41,0.0,0.0,5,0,0,,,
2016-10-28,0.0,0.0,0.0,6,1,0,,,
2016-10-29,0.0,0.0,0.0,7,1,0,,,
2016-10-30,0.56,0.0,0.0,1,0,0,,,
2016-10-31,0.0,0.0,0.0,2,0,0,,,
2016-11-01,0.0,0.0,0.0,3,0,0,,,
2016-11-02,0.0,0.0,0.0,4,0,0,,,
2016-11-03,0.0,0.0,0.0,5,0,0,,,
2016-11-04,0.0,0.0,0.0,6,1,0,,,
2016-11-05,0.0,0.0,0.0,7,1,0,,,
2016-11-06,0.0,0.0,0.0,1,0,0,,,
2016-11-07,0.0,0.0,0.0,2,0,0,,,
2016-11-08,0.0,0.0,0.0,3,0,0,,,
2016-11-09,0.06,0.0,0.0,4,0,0,,,
2016-11-10,0.0,0.0,0.0,5,0,0,,,
2016-11-11,0.0,0.0,0.0,6,1,1,,,
2016-11-12,0.0,0.0,0.0,7,1,0,,,
2016-11-13,0.0,0.0,0.0,1,0,0,,,
2016-11-14,0.0,0.0,0.0,2,0,0,,,
2016-11-15,1.81,0.0,0.0,3,0,0,,,
